url_aviso,barrio,tipo_inmueble,tipo_y_ciudad,precio,es_precio_desde,area_m2,precio_por_m2,habitaciones,banos,titulo
https://www.fincaraiz.com.co/apartamento-en-venta-en-cerritos-pereira/194135940,Cerritos,Apartamento,"Apartamento en Pereira, Risaralda",860000000.0,False,80.0,10750000.0,2.0,2.0,"Apartamento en venta en cerritos, pereira"
https://www.fincaraiz.com.co/apartamento-en-venta-en-coodelmar-iii-etapa-pereira/193489672,Coodelmar ii etapa,Apartamento,"Apartamento en Pereira, Risaralda",199000000.0,False,62.0,3209677.419354839,3.0,1.0,"Apartamento en venta en coodelmar iii etapa, pereira"
https://www.fincaraiz.com.co/casa-en-venta-en-cerritos-pereira/194141863,Cerritos,Casa,"Casa en Pereira, Risaralda",810000000.0,False,123.0,6585365.853658536,3.0,4.0,"Casa en venta en cerritos, pereira"
https://www.fincaraiz.com.co/casa-en-venta-en-cerritos-pereira/194184411,Cerritos,Casa,"Casa en Pereira, Risaralda",1800000000.0,False,350.0,5142857.142857143,4.0,4.0,"Casa en venta en cerritos, pereira"
https://www.fincaraiz.com.co/casa-campestre-en-venta-en-cerritos-pereira/192682902,Cerritos,Casa Campestre,"Casa Campestre en Pereira, Risaralda",1600000000.0,False,300.0,5333333.333333333,3.0,4.0,"Casa campestre en venta en cerritos, pereira"
https://www.fincaraiz.com.co/finca-en-venta-en-la-florida-pereira/193502314,La florida,Finca,"Finca en Pereira, Risaralda",2300000000.0,False,250.0,9200000.0,3.0,2.0,"Finca en venta en la florida, pereira"
https://www.fincaraiz.com.co/casa-en-venta-en-avenida-sur-pereira/193802317,Avenida Sur,Casa,"Casa en Pereira, Risaralda",660000000.0,False,160.0,4125000.0,5.0,4.0,"Casa en venta en avenida sur, pereira"
https://www.fincaraiz.com.co/casa-en-venta-en-combia-pereira/193846127,Combia,Casa,"Casa en Pereira, Risaralda",2200000000.0,False,480.0,4583333.333333333,4.0,5.0,"Casa en venta en combia, pereira"
https://www.fincaraiz.com.co/casa-campestre-en-venta-en-cerritos-pereira/193173461,Cerritos,Casa Campestre,"Casa Campestre en Pereira, Risaralda",2100000000.0,False,800.0,2625000.0,5.0,3.0,"Casa campestre en venta en cerritos, pereira"
https://www.fincaraiz.com.co/local-en-venta-en-los-rosales-pereira/7062916,Los rosales,Local Comercial,"Local Comercial en Pereira, Risaralda",1700000000.0,False,380.0,4473684.2105263155,1.0,2.0,"Local en venta en los rosales, pereira"
https://www.fincaraiz.com.co/apartamento-en-venta-en-cerritos-pereira/192845207,Cerritos,Apartamento,"Apartamento en Pereira, Risaralda",900000000.0,False,126.0,7142857.142857143,3.0,3.0,"Apartamento en venta en cerritos, pereira"
https://www.fincaraiz.com.co/casa-campestre-en-venta-en-combia-pereira/194081159,Combia baja,Casa Campestre,"Casa Campestre en Pereira, Risaralda",2900000000.0,False,500.0,5800000.0,5.0,5.0,"Casa campestre en venta en combia, pereira"
https://www.fincaraiz.com.co/casa-en-venta-en-villa-del-prado-pereira/194170055,Villa del prado,Casa,"Casa en Pereira, Risaralda",270000000.0,False,72.0,3750000.0,3.0,1.0,"Casa en venta en villa del prado, pereira"
https://www.fincaraiz.com.co/casa-en-venta-en-cerritos-pereira/193578645,Cerritos,Casa,"Casa en Pereira, Risaralda",800000000.0,False,123.0,6504065.040650407,3.0,4.0,"Casa en venta en cerritos, pereira"
https://www.fincaraiz.com.co/apartamento-en-venta-en-cerritos-pereira/193934113,Cerritos,Apartamento,"Apartamento en Pereira, Risaralda",1250000000.0,False,170.0,7352941.176470588,4.0,4.0,"Apartamento en venta en cerritos, pereira"
https://www.fincaraiz.com.co/apartamento-en-venta-en-circunvalar-alamos-pereira/193668855,San jose sur,Apartamento,"Apartamento en Pereira, Risaralda",240000000.0,False,110.0,2181818.1818181816,3.0,2.0,"Apartamento en venta en circunvalar - alamos, pereira"
https://www.fincaraiz.com.co/apartamento-en-venta-en-los-alamos-pereira/193173505,Los alamos,Apartamento,"Apartamento en Pereira, Risaralda",490000000.0,False,72.0,6805555.555555556,3.0,2.0,"Apartamento en venta en los alamos, pereira"
https://www.fincaraiz.com.co/casa-campestre-en-venta-en-pereira/194184553,Pereira,Casa Campestre,"Casa Campestre en Pereira, Risaralda",290000000.0,False,550.0,527272.7272727273,3.0,2.0,Casa campestre en venta en pereira
https://www.fincaraiz.com.co/casa-en-venta-en-san-jose-sur-pereira/194163248,San jose,Casa,"Casa en Pereira, Risaralda",920000000.0,False,165.0,5575757.575757576,3.0,3.0,"Casa en venta en san jose sur, pereira"
https://www.fincaraiz.com.co/casa-en-venta-en-pereira/194243332,Cerritos,Casa,"Casa en Pereira, Risaralda",470000000.0,False,89.0,5280898.876404494,3.0,3.0,Casa en venta en pereira
https://www.fincaraiz.com.co/apartamento-en-venta-en-el-poblado-i-etapa-pereira/193198674,El dorado,Apartamento,"Apartamento en Pereira, Risaralda",238000000.0,False,44.0,5409090.909090909,2.0,1.0,"Apartamento en venta en el poblado i etapa, pereira"
https://www.fincaraiz.com.co/casa-en-venta-en-villa-verde-pereira/194187676,Villa verde,Casa,"Casa en Pereira, Risaralda",440000000.0,False,86.0,5116279.069767442,4.0,2.0,"Casa en venta en villa verde, pereira"
https://www.fincaraiz.com.co/casa-campestre-en-venta-en-pueblito-cafetero-pereira/193454797,Pueblito Cafetero,Casa Campestre,"Casa Campestre en Pereira, Risaralda",2300000000.0,False,388.0,5927835.051546392,4.0,4.0,"Casa campestre en venta en pueblito cafetero, pereira"
https://www.fincaraiz.com.co/casa-en-venta-en-la-villa-pereira/194210027,La villa,Casa,"Casa en Pereira, Risaralda",670000000.0,False,135.0,4962962.962962963,3.0,3.0,"Casa en venta en la villa, pereira"
https://www.fincaraiz.com.co/apartamento-en-venta-en-cerritos-pereira/194007426,Cerritos,Apartamento,"Apartamento en Pereira, Risaralda",618000000.0,False,81.0,7629629.62962963,3.0,2.0,"Apartamento en venta en cerritos, pereira"
https://www.fincaraiz.com.co/apartamento-en-venta-en-belmonte-a-pereira/193888081,Condina,Apartamento,"Apartamento en Pereira, Risaralda",265000000.0,False,106.0,2500000.0,2.0,2.0,"Apartamento en venta en belmonte a, pereira"
https://www.fincaraiz.com.co/apartamento-en-venta-en-galicia-pereira/193933410,Galicia,Apartamento,"Apartamento en Pereira, Risaralda",530000000.0,False,71.0,7464788.7323943665,3.0,2.0,"Apartamento en venta en galicia, pereira"
https://www.fincaraiz.com.co/casa-en-venta-en-pereira/193309850,Tribunas corcega,Casa,"Casa en Pereira, Risaralda",1100000000.0,False,353.0,3116147.3087818697,6.0,2.0,Casa en venta en pereira
https://www.fincaraiz.com.co/casa-campestre-en-venta-en-quintas-de-sevilla-pereira/191699571,Morelia,Casa Campestre,"Casa Campestre en Pereira, Risaralda",950000000.0,False,360.0,2638888.888888889,4.0,3.0,"Casa campestre en  venta en quintas de sevilla, pereira"
https://www.fincaraiz.com.co/casa-campestre-en-venta-en-pereira/194005661,Cerritos,Casa Campestre,"Casa Campestre en Pereira, Risaralda",2600000000.0,False,1614.0,1610904.58488228,5.0,5.0,Casa campestre en venta en pereira
https://www.fincaraiz.com.co/casa-campestre-en-venta-en-cerritos-pereira/10301592,Cerritos,Casa Campestre,"Casa Campestre en Pereira, Risaralda",11700000000.0,False,1100.0,10636363.636363637,4.0,3.0,"Casa campestre en venta en cerritos, pereira"
https://www.fincaraiz.com.co/apartamento-en-venta-en-pinares-pereira/192948288,Pinares,Apartamento,"Apartamento en Pereira, Risaralda",1400000000.0,False,280.0,5000000.0,5.0,4.0,"Apartamento en venta en pinares, pereira"
https://www.fincaraiz.com.co/apartamento-en-venta-en-avenida-sur-pereira/193843218,Avenida Sur,Apartamento,"Apartamento en Pereira, Risaralda",570000000.0,False,87.0,6551724.137931035,3.0,2.0,"Apartamento en venta en avenida sur, pereira"
https://www.fincaraiz.com.co/casa-en-venta-en-pinares-pereira/193928101,La julita,Casa,"Casa en Pereira, Risaralda",775000000.0,False,105.0,7380952.380952381,2.0,3.0,"Casa en venta en pinares, pereira"
https://www.fincaraiz.com.co/casa-en-venta-en-los-alpes-pereira/193173511,Los alpes,Casa,"Casa en Pereira, Risaralda",1300000000.0,False,300.0,4333333.333333333,4.0,6.0,"Casa en venta en los alpes, pereira"
https://www.fincaraiz.com.co/casa-campestre-en-venta-en-pereira/194211225,Arabia,Casa Campestre,"Casa Campestre en Pereira, Risaralda",950000000.0,False,342.0,2777777.777777778,3.0,3.0,Casa campestre en venta en pereira
https://www.fincaraiz.com.co/oficina-en-venta-en-pinares-pereira/193814544,Pinares,Oficina,"Oficina en Pereira, Risaralda",280000000.0,False,28.0,10000000.0,1.0,1.0,"Oficina en venta en pinares, pereira"
https://www.fincaraiz.com.co/casa-en-venta-en-centro-pereira/193301597,Sector lago uribe,Casa,"Casa en Pereira, Risaralda",1100000000.0,False,420.0,2619047.619047619,3.0,3.0,"Casa en venta en centro, pereira"
https://www.fincaraiz.com.co/apartamento-en-venta-en-cerritos-pereira/193723257,Cerritos,Apartamento,"Apartamento en Pereira, Risaralda",1100000000.0,False,126.0,8730158.73015873,3.0,3.0,"Apartamento en venta en cerritos, pereira"
https://www.fincaraiz.com.co/casa-en-venta-en-los-corales-pereira/193566880,Los corales,Casa,"Casa en Pereira, Risaralda",700000000.0,False,312.0,2243589.7435897435,4.0,3.0,"Casa en venta en los corales, pereira"
https://www.fincaraiz.com.co/apartamento-en-venta-en-condina-pereira/194173049,Condina,Apartamento,"Apartamento en Pereira, Risaralda",325000000.0,False,62.0,5241935.483870967,3.0,2.0,"Apartamento en venta en condina, pereira"
https://www.fincaraiz.com.co/edificio-en-venta-en-la-victoria/193937440,Ricardo ramirez carmona,Edificio,"Edificio en Pereira, Risaralda",1100000000.0,False,295.0,3728813.559322034,0.0,4.0,Edificio en venta en la victoria
https://www.fincaraiz.com.co/apartamento-en-venta-en-terminal-pereira/193363208,Bosques de la salle,Apartamento,"Apartamento en Pereira, Risaralda",249000000.0,False,64.0,3890625.0,3.0,2.0,"Apartamento en venta en terminal, pereira"
https://www.fincaraiz.com.co/casa-en-venta-en-galicia-pereira/194198688,Galicia,Casa,"Casa en Pereira, Risaralda",510000000.0,False,117.0,4358974.358974359,3.0,2.0,"Casa en venta en galicia, pereira"
https://www.fincaraiz.com.co/apartamento-en-venta-en-avenida-sur-pereira/192499099,Avenida Sur,Apartamento,"Apartamento en Pereira, Risaralda",730000000.0,False,118.0,6186440.677966102,3.0,2.0,"Apartamento en venta en avenida sur, pereira"
https://www.fincaraiz.com.co/finca-en-venta-en-la-florida-pereira/191898067,La florida,Finca,"Finca en Pereira, Risaralda",1200000000.0,False,51200.0,23437.5,3.0,2.0,"Finca en  venta en la florida, pereira"
https://www.fincaraiz.com.co/apartamento-en-venta-en-cerritos-pereira/192628055,Cerritos,Apartamento,"Apartamento en Pereira, Risaralda",750000000.0,False,103.0,7281553.398058252,2.0,2.0,"Apartamento en venta en cerritos, pereira"
https://www.fincaraiz.com.co/casa-en-venta-en-centro-pereira/193625544,Remigio antonio canarte,Casa,"Casa en Pereira, Risaralda",360000000.0,False,93.0,3870967.7419354836,3.0,1.0,"Casa en venta en centro, pereira"
https://www.fincaraiz.com.co/apartamento-en-venta-en-cerritos-pereira/194091722,Cerritos,Apartamento,"Apartamento en Pereira, Risaralda",340000000.0,False,54.0,6296296.296296297,2.0,2.0,"Apartamento en venta en cerritos, pereira"
https://www.fincaraiz.com.co/casa-campestre-en-venta-en-condina-pereira/191699901,Ciudadela salamanca,Casa Campestre,"Casa Campestre en Pereira, Risaralda",1250000000.0,False,1580.0,791139.2405063291,5.0,5.0,"Casa campestre en  venta en condina, pereira"
https://www.fincaraiz.com.co/apartamento-en-venta-en-sector-30-de-agosto-pereira/193927023,Buenos aires,Apartamento,"Apartamento en Pereira, Risaralda",340000000.0,False,68.0,5000000.0,2.0,2.0,"Apartamento en venta en sector 30 de agosto, pereira"
https://www.fincaraiz.com.co/finca-en-venta-en-combia-baja-pereira/193077242,Combia baja,Finca,"Finca en Pereira, Risaralda",500000000.0,False,40000.0,12500.0,8.0,2.0,"Finca en venta en combia baja, pereira"
https://www.fincaraiz.com.co/apartamento-en-venta-en-condina-pereira/192282499,Morelia,Apartamento,"Apartamento en Pereira, Risaralda",270000000.0,False,64.0,4218750.0,2.0,2.0,"Apartamento en venta en condina, pereira"
https://www.fincaraiz.com.co/casa-campestre-en-venta-en-tribunas-corcega-pereira/192436675,Tribunas corcega,Casa Campestre,"Casa Campestre en Pereira, Risaralda",450000000.0,False,1754.0,256556.44241733183,3.0,3.0,"Casa campestre en venta en tribunas corcega, pereira"
https://www.fincaraiz.com.co/apartamento-en-venta-en-el-poblado-i-etapa-pereira/194183554,El dorado,Apartamento,"Apartamento en Pereira, Risaralda",233000000.0,False,46.0,5065217.391304348,2.0,1.0,"Apartamento en venta en el poblado i etapa, pereira"
https://www.fincaraiz.com.co/casa-campestre-en-venta-en-la-florida-pereira/193637182,La florida,Casa Campestre,"Casa Campestre en Pereira, Risaralda",500000000.0,False,6700.0,74626.86567164179,4.0,2.0,"Casa campestre en venta en la florida, pereira"
https://www.fincaraiz.com.co/finca-en-venta-en-la-florida-pereira/192386571,La florida,Finca,"Finca en Pereira, Risaralda",800000000.0,False,560.0,1428571.4285714286,4.0,2.0,"Finca en venta en la florida, pereira"
https://www.fincaraiz.com.co/apartamento-en-venta-en-los-alamos-pereira/194230991,El terminal,Apartamento,"Apartamento en Pereira, Risaralda",250000000.0,False,69.0,3623188.4057971016,3.0,2.0,"Apartamento en venta en los alamos, pereira"
https://www.fincaraiz.com.co/casa-en-venta-en-centro-pereira/193312563,Sector plaza de bolivar,Casa,"Casa en Pereira, Risaralda",790000000.0,False,210.0,3761904.761904762,4.0,2.0,"Casa en venta en centro, pereira"
https://www.fincaraiz.com.co/apartamento-en-venta-en-circunvalar-alamos-pereira/193301853,Urbanizacion las colinas,Apartamento,"Apartamento en Pereira, Risaralda",380000000.0,False,100.0,3800000.0,3.0,2.0,"Apartamento en venta en circunvalar - alamos, pereira"
https://www.fincaraiz.com.co/apartamento-en-venta-en-cerritos-pereira/194227543,Cerritos,Apartamento,"Apartamento en Pereira, Risaralda",980000000.0,False,201.0,4875621.890547263,3.0,3.0,"Apartamento en venta en cerritos, pereira"
https://www.fincaraiz.com.co/apartamento-en-venta-en-la-villa-pereira/193724948,La villa,Apartamento,"Apartamento en Pereira, Risaralda",480000000.0,False,67.0,7164179.104477612,2.0,2.0,"Apartamento en venta en la villa, pereira"
https://www.fincaraiz.com.co/casa-en-venta-en-pinares-pereira/193810874,Pinares,Casa,"Casa en Pereira, Risaralda",985000000.0,False,223.0,4417040.358744395,3.0,5.0,"Casa en venta en pinares, pereira"
https://www.fincaraiz.com.co/apartamento-en-venta-en-cuba-pereira/192321419,Aeropuerto,Apartamento,"Apartamento en Pereira, Risaralda",290000000.0,False,52.0,5576923.076923077,3.0,2.0,"Apartamento en venta en cuba, pereira"
https://www.fincaraiz.com.co/casa-en-venta-en-pueblito-cafetero-pereira/193307510,Pueblito Cafetero,Casa,"Casa en Pereira, Risaralda",830000000.0,False,159.0,5220125.786163522,4.0,4.0,"Casa en venta en pueblito cafetero, pereira"
https://www.fincaraiz.com.co/apartamento-en-venta-en-pinares-pereira/193755361,Cambulos,Apartamento,"Apartamento en Pereira, Risaralda",500000000.0,False,132.0,3787878.787878788,3.0,3.0,"Apartamento en venta en pinares, pereira"
https://www.fincaraiz.com.co/casa-en-venta-en-belmonte-a-pereira/193304132,Belmonte a,Casa,"Casa en Pereira, Risaralda",600000000.0,False,162.0,3703703.703703704,4.0,4.0,"Casa en venta en belmonte a, pereira"
https://www.fincaraiz.com.co/apartamento-en-venta-en-galicia-pereira/193314224,Galicia,Apartamento,"Apartamento en Pereira, Risaralda",700000000.0,False,80.0,8750000.0,2.0,3.0,"Apartamento en venta en galicia, pereira"
https://www.fincaraiz.com.co/casa-en-venta-en-cerritos-pereira/192400315,Cerritos,Casa,"Casa en Pereira, Risaralda",1800000000.0,False,600.0,3000000.0,13.0,9.0,"Casa en venta en cerritos, pereira"
https://www.fincaraiz.com.co/apartaestudio-en-venta-en-pinares-pereira/193120183,Pinares,Apartaestudio,"Apartaestudio en Pereira, Risaralda",400000000.0,False,40.0,10000000.0,1.0,1.0,"Apartaestudio en venta en pinares, pereira"
https://www.fincaraiz.com.co/casa-en-venta-en-galicia-pereira/193815446,Galicia,Casa,"Casa en Pereira, Risaralda",450000000.0,False,106.0,4245283.018867925,4.0,3.0,"Casa en venta en galicia, pereira"
https://www.fincaraiz.com.co/casa-en-venta-en-pereira/193127062,Morelia,Casa,"Casa en Pereira, Risaralda",600000000.0,False,140.0,4285714.285714285,6.0,4.0,Casa en venta en pereira
https://www.fincaraiz.com.co/apartaestudio-en-venta-en-cerritos-pereira/193399381,Cerritos,Apartaestudio,"Apartaestudio en Pereira, Risaralda",625000000.0,False,66.0,9469696.969696969,1.0,2.0,"Apartaestudio en venta en cerritos, pereira"
https://www.fincaraiz.com.co/casa-campestre-en-venta-en-combia-pereira/193239447,Combia,Casa Campestre,"Casa Campestre en Pereira, Risaralda",1100000000.0,False,400.0,2750000.0,3.0,3.0,"Casa campestre en venta en combia, pereira"
https://www.fincaraiz.com.co/apartamento-en-venta-en-pereira/193312988,Ciudadela del cafe sector c,Apartamento,"Apartamento en Pereira, Risaralda",160000000.0,False,45.0,3555555.5555555555,3.0,1.0,Apartamento en venta en pereira
https://www.fincaraiz.com.co/apartamento-en-venta-en-pinares-pereira/193065123,Pinares,Apartamento,"Apartamento en Pereira, Risaralda",390000000.0,False,67.0,5820895.52238806,2.0,1.0,"Apartamento en venta en pinares, pereira"
https://www.fincaraiz.com.co/apartamento-en-venta-en-el-jardin-pereira/192752738,El dorado,Apartamento,"Apartamento en Pereira, Risaralda",395000000.0,False,69.0,5724637.68115942,2.0,2.0,"Apartamento en venta en el jardin, pereira"
https://www.fincaraiz.com.co/casa-en-venta-en-maraya-pereira/8215281,Maraya,Casa,"Casa en Pereira, Risaralda",1800000000.0,False,260.0,6923076.923076923,4.0,5.0,"Casa en venta en maraya, pereira"
https://www.fincaraiz.com.co/apartamento-en-venta-en-avenida-30-de-agosto-pereira/193567711,Buenos aires,Apartamento,"Apartamento en Pereira, Risaralda",370000000.0,False,68.0,5441176.470588235,2.0,2.0,"Apartamento en venta en avenida 30 de agosto, pereira"
https://www.fincaraiz.com.co/casa-en-venta-en-corocito-pereira/192320917,Corocito,Casa,"Casa en Pereira, Risaralda",450000000.0,False,160.0,2812500.0,4.0,3.0,"Casa en venta en corocito, pereira"
https://www.fincaraiz.com.co/apartamento-en-venta-en-condina-pereira/193035142,Condina,Apartamento,"Apartamento en Pereira, Risaralda",280000000.0,False,52.0,5384615.384615385,3.0,3.0,"Apartamento en venta en condina, pereira"
https://www.fincaraiz.com.co/apartamento-en-venta-en-popular-modelo-pereira/193352868,La enseñanza,Apartamento,"Apartamento en Pereira, Risaralda",600000000.0,False,96.0,6250000.0,4.0,4.0,"Apartamento en venta en popular modelo, pereira"
https://www.fincaraiz.com.co/apartamento-en-venta-en-condina-pereira/193645838,Condina,Apartamento,"Apartamento en Pereira, Risaralda",350000000.0,False,65.0,5384615.384615385,2.0,2.0,"Apartamento en venta en condina, pereira"
https://www.fincaraiz.com.co/apartamento-en-venta-en-bosques-de-santa-elena-pereira/8031613,El dorado,Apartamento,"Apartamento en Pereira, Risaralda",430000000.0,False,62.0,6935483.870967742,2.0,2.0,"Apartamento en venta en bosques de santa elena, pereira"
https://www.fincaraiz.com.co/casa-lote-en-venta-en-condina-pereira/10680535,Condina,Casa,"Casa en Pereira, Risaralda",1650000000.0,False,380.0,4342105.263157895,4.0,6.0,"Casa lote en venta en condina, pereira"
https://www.fincaraiz.com.co/apartamento-en-venta-en-condina-pereira/7665857,Batara,Apartamento,"Apartamento en Pereira, Risaralda",310000000.0,False,62.0,5000000.0,3.0,2.0,"Apartamento en venta en condina, pereira"
https://www.fincaraiz.com.co/apartamento-en-venta-en-cerritos-pereira/191847362,Cerritos,Apartamento,"Apartamento en Pereira, Risaralda",630000000.0,False,98.0,6428571.428571428,2.0,2.0,"Apartamento en  venta en cerritos, pereira"
https://www.fincaraiz.com.co/casa-en-venta-en-pereira/193308051,La pradera,Casa,"Casa en Pereira, Risaralda",700000000.0,False,146.0,4794520.547945205,3.0,3.0,Casa en venta en pereira
https://www.fincaraiz.com.co/casa-campestre-en-venta-en-tribunas-corcega-pereira/193212486,Tribunas corcega,Casa Campestre,"Casa Campestre en Pereira, Risaralda",1600000000.0,False,3068.0,521512.38591916556,4.0,3.0,"Casa campestre en venta en tribunas corcega, pereira"
https://www.fincaraiz.com.co/casa-campestre-en-venta-en-morelia-pereira/192477322,Morelia,Casa Campestre,"Casa Campestre en Pereira, Risaralda",1500000000.0,False,3200.0,468750.0,6.0,4.0,"Casa campestre en venta en morelia, pereira"
https://www.fincaraiz.com.co/casa-campestre-en-venta-en-cerritos-pereira/10626546,Cerritos,Casa Campestre,"Casa Campestre en Pereira, Risaralda",2600000000.0,False,3000.0,866666.6666666666,4.0,6.0,"Casa campestre en venta en cerritos, pereira"
https://www.fincaraiz.com.co/apartamento-en-venta-en-circunvalar-alamos-pereira/193675935,Los angeles,Apartamento,"Apartamento en Pereira, Risaralda",500000000.0,False,132.0,3787878.787878788,4.0,3.0,"Apartamento en venta en circunvalar - alamos, pereira"
https://www.fincaraiz.com.co/apartamento-en-venta-en-armenia/192386796,Hacienda cuba,Apartamento,"Apartamento en Pereira, Risaralda",180000000.0,False,58.0,3103448.275862069,3.0,2.0,Apartamento en venta en armenia
https://www.fincaraiz.com.co/casa-campestre-en-venta-en-condina-pereira/192625475,Condina,Casa Campestre,"Casa Campestre en Pereira, Risaralda",1300000000.0,False,327.0,3975535.1681957184,4.0,4.0,"Casa campestre en venta en condina, pereira"
https://www.fincaraiz.com.co/apartamento-en-venta-en-condina-pereira/194009108,Condina,Apartamento,"Apartamento en Pereira, Risaralda",290000000.0,False,54.0,5370370.37037037,3.0,2.0,"Apartamento en venta en condina, pereira"
https://www.fincaraiz.com.co/apartamento-en-venta-en-avenida-30-de-agosto-pereira/194187702,Avenida 30 de agosto,Apartamento,"Apartamento en Pereira, Risaralda",790000000.0,False,114.0,6929824.561403509,3.0,3.0,"Apartamento en venta en avenida 30 de agosto, pereira"
https://www.fincaraiz.com.co/apartamento-en-venta-en-galicia-pereira/193189542,Galicia,Apartamento,"Apartamento en Pereira, Risaralda",540000000.0,False,90.0,6000000.0,3.0,2.0,"Apartamento en venta en galicia, pereira"
https://www.fincaraiz.com.co/apartamento-en-venta-en-corocito-pereira/192320422,Corocito,Apartamento,"Apartamento en Pereira, Risaralda",320000000.0,False,170.0,1882352.9411764706,5.0,2.0,"Apartamento en venta en corocito, pereira"
https://www.fincaraiz.com.co/casa-en-venta-en-sector-plaza-de-bolivar-pereira/7665829,Santa teresita,Casa,"Casa en Pereira, Risaralda",680000000.0,False,200.0,3400000.0,9.0,4.0,"Casa en venta en sector plaza de bolivar, pereira"
https://www.fincaraiz.com.co/apartaestudio-en-venta-en-cerritos-pereira/192737695,Cerritos,Apartaestudio,"Apartaestudio en Pereira, Risaralda",490000000.0,False,61.0,8032786.8852459015,1.0,2.0,"Apartaestudio en venta en cerritos, pereira"
https://www.fincaraiz.com.co/apartamento-en-venta-en-el-poblado-ii-etapa-pereira/193968740,El poblado ii etapa,Apartamento,"Apartamento en Pereira, Risaralda",230000000.0,False,45.0,5111111.111111111,2.0,1.0,"Apartamento en venta en el poblado ii etapa, pereira"
https://www.fincaraiz.com.co/apartaestudio-en-venta-en-cerritos-pereira/192462616,Cerritos,Apartaestudio,"Apartaestudio en Pereira, Risaralda",590000000.0,False,67.0,8805970.149253732,1.0,1.0,"Apartaestudio en venta en cerritos, pereira"
https://www.fincaraiz.com.co/apartamento-en-venta-en-pinares-pereira/191307103,Pinares,Apartamento,"Apartamento en Pereira, Risaralda",2800000000.0,False,250.0,11200000.0,3.0,4.0,"Apartamento en  venta en pinares, pereira"
https://www.fincaraiz.com.co/apartamento-en-venta-en-los-alpes-pereira/193939521,San jose sur,Apartamento,"Apartamento en Pereira, Risaralda",285000000.0,False,50.0,5700000.0,1.0,2.0,"Apartamento en venta en los alpes, pereira"
https://www.fincaraiz.com.co/apartamento-en-venta-en-30-de-agosto-del-cafe-pereira/193826683,Conjunto residencial tisu,Apartamento,"Apartamento en Pereira, Risaralda",400000000.0,False,65.0,6153846.153846154,3.0,2.0,"Apartamento en venta en 30 de agosto del cafe, pereira"
https://www.fincaraiz.com.co/apartamento-en-venta-en-pinares-pereira/193308778,Pinares,Apartamento,"Apartamento en Pereira, Risaralda",550000000.0,False,83.0,6626506.024096386,3.0,2.0,"Apartamento en venta en pinares, pereira"
https://www.fincaraiz.com.co/casa-campestre-en-venta-en-tribunas-corcega-pereira/193393029,Tribunas corcega,Casa Campestre,"Casa Campestre en Pereira, Risaralda",1650000000.0,False,1500.0,1100000.0,3.0,4.0,"Casa campestre en venta en tribunas corcega, pereira"
https://www.fincaraiz.com.co/apartamento-en-venta-en-pinares-pereira/10200526,Cambulos,Apartamento,"Apartamento en Pereira, Risaralda",2200000000.0,False,372.0,5913978.494623655,5.0,6.0,"Apartamento en venta en pinares, pereira"
https://www.fincaraiz.com.co/apartamento-en-venta-en-pinares-pereira/192081866,Cambulos,Apartamento,"Apartamento en Pereira, Risaralda",490000000.0,False,85.0,5764705.882352941,3.0,3.0,"Apartamento en  venta en pinares, pereira"
https://www.fincaraiz.com.co/apartamento-en-venta-en-belmonte-a-pereira/192594553,Belmonte a,Apartamento,"Apartamento en Pereira, Risaralda",390000000.0,False,70.0,5571428.571428572,2.0,2.0,"Apartamento en venta en belmonte a, pereira"
https://www.fincaraiz.com.co/casa-en-venta-en-tribunas-corcega-pereira/193904645,Villa verde,Casa,"Casa en Pereira, Risaralda",550000000.0,False,44.0,12500000.0,3.0,2.0,"Casa en venta en tribunas corcega, pereira"
https://www.fincaraiz.com.co/apartamento-en-venta-en-pinares-pereira/193765046,San jose sur,Apartamento,"Apartamento en Pereira, Risaralda",850000000.0,False,182.0,4670329.67032967,3.0,2.0,"Apartamento en venta en pinares, pereira"
https://www.fincaraiz.com.co/casa-campestre-en-venta-en-condina-pereira/192321767,Condina,Casa Campestre,"Casa Campestre en Pereira, Risaralda",1200000000.0,False,252.0,4761904.761904762,4.0,4.0,"Casa campestre en venta en condina, pereira"
https://www.fincaraiz.com.co/casa-en-venta-en-villa-verde-pereira/193904178,Villa verde,Casa,"Casa en Pereira, Risaralda",490000000.0,False,80.0,6125000.0,4.0,2.0,"Casa en venta en villa verde, pereira"
https://www.fincaraiz.com.co/apartamento-en-venta-en-gamma-pereira/192582772,Gamma,Apartamento,"Apartamento en Pereira, Risaralda",230000000.0,False,72.0,3194444.4444444445,3.0,1.0,"Apartamento en venta en gamma, pereira"
https://www.fincaraiz.com.co/apartamento-en-venta-en-pinares-pereira/193456629,Pinares,Apartamento,"Apartamento en Pereira, Risaralda",2017000000.0,False,172.0,11726744.186046511,3.0,4.0,"Apartamento en venta en pinares, pereira"
https://www.fincaraiz.com.co/apartamento-en-venta-en-pinares-pereira/193742555,Pinares,Apartamento,"Apartamento en Pereira, Risaralda",420000000.0,False,68.0,6176470.588235294,2.0,2.0,"Apartamento en venta en pinares, pereira"
https://www.fincaraiz.com.co/apartamento-en-venta-en-pinares-pereira/193303711,Pinares,Apartamento,"Apartamento en Pereira, Risaralda",600000000.0,False,102.0,5882352.94117647,3.0,3.0,"Apartamento en venta en pinares, pereira"
https://www.fincaraiz.com.co/apartamento-en-venta-en-cerritos-pereira/193313803,Cerritos,Apartamento,"Apartamento en Pereira, Risaralda",770000000.0,False,103.0,7475728.155339805,3.0,3.0,"Apartamento en venta en cerritos, pereira"
https://www.fincaraiz.com.co/apartamento-en-venta-en-los-alamos-pereira/193309986,Los alamos,Apartamento,"Apartamento en Pereira, Risaralda",690000000.0,False,91.0,7582417.582417582,3.0,3.0,"Apartamento en venta en los alamos, pereira"
https://www.fincaraiz.com.co/casa-en-venta-en-centro-pereira/193585820,Santander,Casa,"Casa en Pereira, Risaralda",200000000.0,False,130.0,1538461.5384615385,4.0,1.0,"Casa en venta en centro, pereira"
https://www.fincaraiz.com.co/apartamento-en-venta-en-pereira/192648047,Ciudadela del cafe sector c,Apartamento,"Apartamento en Pereira, Risaralda",220000000.0,False,63.0,3492063.492063492,3.0,1.0,Apartamento en venta en pereira
https://www.fincaraiz.com.co/apartamento-en-venta-en-pereira/192262574,San jose sur,Apartamento,"Apartamento en Pereira, Risaralda",590000000.0,False,90.0,6555555.555555556,3.0,2.0,Apartamento en venta en pereira
https://www.fincaraiz.com.co/casa-campestre-en-venta-en-combia-pereira/192024046,Combia,Casa Campestre,"Casa Campestre en Pereira, Risaralda",900000000.0,False,2511.0,358422.93906810036,3.0,2.0,"Casa campestre en  venta en combia, pereira"
https://www.fincaraiz.com.co/casa-en-venta-en-san-jose-pereira/193334591,San jose,Casa,"Casa en Pereira, Risaralda",3100000000.0,False,500.0,6200000.0,3.0,5.0,"Casa en venta en san jose, pereira"
https://www.fincaraiz.com.co/casa-en-venta-en-barajas-pereira/194246207,Barajas,Casa,"Casa en Pereira, Risaralda",380000000.0,False,92.0,4130434.782608696,3.0,3.0,"Casa en venta en barajas, pereira"
https://www.fincaraiz.com.co/apartamento-en-venta-en-cerritos-pereira/192785504,Cerritos,Apartamento,"Apartamento en Pereira, Risaralda",340000000.0,False,61.0,5573770.491803279,2.0,2.0,"Apartamento en venta en cerritos, pereira"
https://www.fincaraiz.com.co/apartamento-en-venta-en-cerritos-pereira/193571746,Cerritos,Apartamento,"Apartamento en Pereira, Risaralda",1100000000.0,False,126.0,8730158.73015873,3.0,3.0,"Apartamento en venta en cerritos, pereira"
https://www.fincaraiz.com.co/apartamento-en-venta-en-mirador-de-llano-grande-pereira/192427245,Ciudadela del cafe sector c,Apartamento,"Apartamento en Pereira, Risaralda",180000000.0,False,46.0,3913043.4782608696,3.0,2.0,"Apartamento en venta en mirador de llano grande, pereira"
https://www.fincaraiz.com.co/casa-en-venta-en-villa-del-prado-pereira/193662409,Samaria i etapa,Casa,"Casa en Pereira, Risaralda",350000000.0,False,97.0,3608247.4226804124,4.0,2.0,"Casa en venta en villa del prado, pereira"
https://www.fincaraiz.com.co/apartamento-en-venta-en-cerritos-pereira/194230911,Cerritos,Apartamento,"Apartamento en Pereira, Risaralda",800000000.0,False,75.0,10666666.666666666,2.0,2.0,"Apartamento en venta en cerritos, pereira"
https://www.fincaraiz.com.co/casa-en-venta-en-providencia-pereira/192672199,Providencia,Casa,"Casa en Pereira, Risaralda",500000000.0,False,89.0,5617977.528089887,3.0,2.0,"Casa en venta en providencia, pereira"
https://www.fincaraiz.com.co/apartamento-en-venta-en-pinares-pereira/193413473,Pinares,Apartamento,"Apartamento en Pereira, Risaralda",3600000000.0,False,360.0,10000000.0,3.0,5.0,"Apartamento en venta en pinares, pereira"
https://www.fincaraiz.com.co/casa-en-venta-en-la-elvira-pereira/193546042,Niza ii,Casa,"Casa en Pereira, Risaralda",745000000.0,False,150.0,4966666.666666667,3.0,4.0,"Casa en venta en la elvira, pereira"
https://www.fincaraiz.com.co/apartamento-en-venta-en-cerritos-pereira/193309038,Cerritos,Apartamento,"Apartamento en Pereira, Risaralda",500000000.0,False,77.0,6493506.493506493,3.0,2.0,"Apartamento en venta en cerritos, pereira"
https://www.fincaraiz.com.co/apartamento-en-venta-en-pinares-pereira/193734261,Pinares,Apartamento,"Apartamento en Pereira, Risaralda",800000000.0,False,113.0,7079646.017699115,3.0,2.0,"Apartamento en venta en pinares, pereira"
https://www.fincaraiz.com.co/apartamento-en-venta-en-maraya-pereira/192970194,Sector 30 de agosto ii etapa,Apartamento,"Apartamento en Pereira, Risaralda",364000000.0,False,66.0,5515151.515151516,3.0,2.0,"Apartamento en venta en maraya, pereira"
https://www.fincaraiz.com.co/apartamento-en-venta-en-villavicencio-pereira/193805674,Corocito,Apartamento,"Apartamento en Pereira, Risaralda",450000000.0,False,64.0,7031250.0,2.0,2.0,"Apartamento en venta en villavicencio, pereira"
https://www.fincaraiz.com.co/apartamento-en-venta-en-cerritos-pereira/192974780,Cerritos,Apartamento,"Apartamento en Pereira, Risaralda",719625000.0,False,95.0,7575000.0,3.0,2.0,"Apartamento en venta en cerritos, pereira"
https://www.fincaraiz.com.co/apartamento-en-venta-en-pinares-pereira/193225693,Sector plaza de bolivar,Apartamento,"Apartamento en Pereira, Risaralda",530000000.0,False,73.0,7260273.97260274,2.0,3.0,"Apartamento en venta en pinares, pereira"
https://www.fincaraiz.com.co/casa-campestre-en-venta-en-pereira/192621107,Sector lago uribe,Casa Campestre,"Casa Campestre en Pereira, Risaralda",450000000.0,False,1250.0,360000.0,3.0,2.0,Casa campestre en venta en pereira
https://www.fincaraiz.com.co/apartamento-en-venta-en-pinares-pereira/192945575,Cambulos,Apartamento,"Apartamento en Pereira, Risaralda",850000000.0,False,134.0,6343283.582089553,3.0,2.0,"Apartamento en venta en pinares, pereira"
https://www.fincaraiz.com.co/apartamento-en-venta-en-galicia-pereira/193758413,Galicia,Apartamento,"Apartamento en Pereira, Risaralda",280000000.0,False,54.0,5185185.185185186,2.0,1.0,"Apartamento en venta en galicia, pereira"
https://www.fincaraiz.com.co/apartamento-en-venta-en-condina-pereira/193644188,Morelia,Apartamento,"Apartamento en Pereira, Risaralda",300000000.0,False,67.0,4477611.940298508,3.0,2.0,"Apartamento en venta en condina, pereira"
https://www.fincaraiz.com.co/casa-en-venta-en-pereira/193312388,Olaya herrera,Casa,"Casa en Pereira, Risaralda",800000000.0,False,296.0,2702702.7027027025,8.0,4.0,Casa en venta en pereira
https://www.fincaraiz.com.co/casa-campestre-en-venta-en-cerritos-pereira/193733025,Morelia,Casa Campestre,"Casa Campestre en Pereira, Risaralda",5000000000.0,False,950.0,5263157.894736842,4.0,6.0,"Casa campestre en venta en cerritos, pereira"
https://www.fincaraiz.com.co/bodega-en-venta-en-corocito-pereira/193309930,Los rosales,Bodega,"Bodega en Pereira, Risaralda",500000000.0,False,400.0,1250000.0,1.0,1.0,"Bodega en venta en corocito, pereira"
https://www.fincaraiz.com.co/apartamento-en-venta-en-pereira/192549378,Altos de canaan,Apartamento,"Apartamento en Pereira, Risaralda",495000000.0,False,74.0,6689189.189189189,3.0,2.0,Apartamento en venta en pereira
https://www.fincaraiz.com.co/apartamento-en-venta-en-los-angeles-pereira/192101513,La florida boston,Apartamento,"Apartamento en Pereira, Risaralda",1155000000.0,False,214.0,5397196.261682243,3.0,4.0,"Apartamento en  venta en los angeles, pereira"
https://www.fincaraiz.com.co/apartamento-en-venta-en-galicia-pereira/193318333,Cerritos,Apartamento,"Apartamento en Pereira, Risaralda",245000000.0,False,63.0,3888888.888888889,3.0,2.0,"Apartamento en venta en galicia, pereira"
https://www.fincaraiz.com.co/casa-en-venta-en-pereira/193484240,Cerritos,Casa,"Casa en Pereira, Risaralda",3400000000.0,False,517.0,6576402.321083172,5.0,6.0,Casa en venta en pereira
https://www.fincaraiz.com.co/casa-campestre-en-venta-en-cerritos-pereira/194121848,Cerritos,Casa Campestre,"Casa Campestre en Pereira, Risaralda",2000000000.0,False,598.0,3344481.6053511705,5.0,7.0,"Casa campestre en venta en cerritos, pereira"
https://www.fincaraiz.com.co/apartamento-en-venta-en-galicia-pereira/193304259,Galicia,Apartamento,"Apartamento en Pereira, Risaralda",400000000.0,False,73.0,5479452.05479452,3.0,2.0,"Apartamento en venta en galicia, pereira"
https://www.fincaraiz.com.co/casa-en-venta-en-cuba-pereira/192462669,San jose sur,Casa,"Casa en Pereira, Risaralda",330000000.0,False,66.0,5000000.0,3.0,2.0,"Casa en venta en cuba, pereira"
https://www.fincaraiz.com.co/casa-campestre-en-venta-en-cerritos-pereira/191312978,Cerritos,Casa Campestre,"Casa Campestre en Pereira, Risaralda",1800000000.0,False,840.0,2142857.1428571427,4.0,3.0,"Casa campestre en  venta en cerritos, pereira"
https://www.fincaraiz.com.co/apartamento-en-venta-en-maraya-pereira/192993096,Sector 30 de agosto ii etapa,Apartamento,"Apartamento en Pereira, Risaralda",420000000.0,False,65.0,6461538.461538462,3.0,2.0,"Apartamento en venta en maraya, pereira"
https://www.fincaraiz.com.co/apartamento-en-venta-en-pereira/193908227,Batara,Apartamento,"Apartamento en Pereira, Risaralda",320000000.0,False,62.0,5161290.322580645,3.0,2.0,Apartamento en venta en pereira
https://www.fincaraiz.com.co/casa-campestre-en-venta-en-tribunas-corcega-pereira/192848595,Tribunas corcega,Casa Campestre,"Casa Campestre en Pereira, Risaralda",1500000000.0,False,1354.0,1107828.6558345642,4.0,3.0,"Casa campestre en venta en tribunas corcega, pereira"
https://www.fincaraiz.com.co/casa-en-venta-en-pereira/191278102,Conjunto residencial tisu,Casa,"Casa en Pereira, Risaralda",750000000.0,False,155.0,4838709.677419355,4.0,4.0,Casa en  venta en pereira
https://www.fincaraiz.com.co/casa-en-venta-en-villa-verde-pereira/193888647,Villa verde,Casa,"Casa en Pereira, Risaralda",420000000.0,False,130.0,3230769.230769231,4.0,2.0,"Casa en venta en villa verde, pereira"
https://www.fincaraiz.com.co/casa-campestre-en-venta-en-cerritos-pereira/193173969,Cerritos,Casa Campestre,"Casa Campestre en Pereira, Risaralda",1300000000.0,False,358.0,3631284.9162011174,4.0,4.0,"Casa campestre en venta en cerritos, pereira"
https://www.fincaraiz.com.co/finca-en-venta-en-combia-pereira/192752261,Combia,Finca,"Finca en Pereira, Risaralda",45000000000.0,False,425.0,105882352.94117647,6.0,5.0,"Finca en venta en combia, pereira"
https://www.fincaraiz.com.co/casa-en-venta-en-cerritos-pereira/193841551,Cerritos,Casa,"Casa en Pereira, Risaralda",6800000000.0,False,1205.0,5643153.526970955,7.0,11.0,"Casa en venta en cerritos, pereira"
https://www.fincaraiz.com.co/casa-en-venta-en-pueblito-cafetero-pereira/194004849,Morelia,Casa Campestre,"Casa Campestre en Pereira, Risaralda",1100000000.0,False,187.0,5882352.94117647,3.0,3.0,"Casa en venta en pueblito cafetero, pereira"
https://www.fincaraiz.com.co/apartamento-en-venta-en-avenida-30-de-agosto-pereira/193244146,Avenida 30 de agosto,Apartamento,"Apartamento en Pereira, Risaralda",430000000.0,False,73.0,5890410.95890411,3.0,2.0,"Apartamento en venta en avenida 30 de agosto, pereira"
https://www.fincaraiz.com.co/casa-lote-en-venta-en-sector-galeria-central-pereira/193408982,Sector galeria central,Casa Lote,"Casa Lote en Pereira, Risaralda",900000000.0,False,350.0,2571428.5714285714,4.0,3.0,"Casa lote en venta en sector galeria central, pereira"
https://www.fincaraiz.com.co/casa-en-venta-en-pereira/193194757,Malaga,Casa,"Casa en Pereira, Risaralda",140000000.0,False,84.0,1666666.6666666667,3.0,2.0,Casa en venta en pereira
https://www.fincaraiz.com.co/apartamento-en-venta-en-pereira/194078390,Ciudadela pereira,Apartamento,"Apartamento en Pereira, Risaralda",290000000.0,False,66.0,4393939.393939394,3.0,2.0,Apartamento en venta en pereira
https://www.fincaraiz.com.co/finca-en-venta-en-combia-pereira/192322122,Combia baja,Finca,"Finca en Pereira, Risaralda",990000000.0,False,300.0,3300000.0,4.0,4.0,"Finca en venta en combia, pereira"
https://www.fincaraiz.com.co/apartamento-en-venta-en-corocito-pereira/193203778,Corocito,Apartamento,"Apartamento en Pereira, Risaralda",500000000.0,False,83.0,6024096.385542168,3.0,2.0,"Apartamento en venta en corocito, pereira"
https://www.fincaraiz.com.co/apartamento-en-venta-en-avenida-30-de-agosto-pereira/193499796,Avenida 30 de agosto,Apartamento,"Apartamento en Pereira, Risaralda",550000000.0,False,91.0,6043956.043956044,4.0,2.0,"Apartamento en venta en avenida 30 de agosto, pereira"
https://www.fincaraiz.com.co/casa-en-venta-en-maraya-pereira/192706977,Maraya,Casa,"Casa en Pereira, Risaralda",800000000.0,False,160.0,5000000.0,3.0,3.0,"Casa en venta en maraya, pereira"
https://www.fincaraiz.com.co/apartamento-en-venta-en-avenida-sur-pereira/193886340,Los corales,Apartamento,"Apartamento en Pereira, Risaralda",380000000.0,False,52.0,7307692.307692308,2.0,2.0,"Apartamento en venta en avenida sur, pereira"
https://www.fincaraiz.com.co/finca-en-venta-en-combia-pereira/191786175,Combia,Finca,"Finca en Pereira, Risaralda",1300000000.0,False,670.0,1940298.5074626866,8.0,7.0,"Finca en venta en combia, pereira"
https://www.fincaraiz.com.co/apartamento-en-venta-en-villa-verde-pereira/193580518,Multifamiliares villa verde,Apartamento,"Apartamento en Pereira, Risaralda",240000000.0,False,50.0,4800000.0,2.0,1.0,"Apartamento en venta en villa verde, pereira"
https://www.fincaraiz.com.co/apartamento-en-venta-en-avenida-30-de-agosto-pereira/193658810,Sector 30 de agosto,Apartamento,"Apartamento en Pereira, Risaralda",360000000.0,False,68.0,5294117.647058823,2.0,2.0,"Apartamento en venta en avenida 30 de agosto, pereira"
https://www.fincaraiz.com.co/casa-campestre-en-venta-en-combia-pereira/192593054,Combia,Casa Campestre,"Casa Campestre en Pereira, Risaralda",1700000000.0,False,390.0,4358974.358974359,4.0,6.0,"Casa campestre en venta en combia, pereira"
https://www.fincaraiz.com.co/casa-en-venta-en-cerritos-pereira/194246260,Cerritos,Casa,"Casa en Pereira, Risaralda",2500000000.0,False,500.0,5000000.0,6.0,5.0,"Casa en venta en cerritos, pereira"
https://www.fincaraiz.com.co/apartamento-en-venta-en-pereira/194040301,Los sauces v etapa,Apartamento,"Apartamento en Pereira, Risaralda",165000000.0,False,43.0,3837209.302325581,2.0,1.0,Apartamento en venta en pereira
https://www.fincaraiz.com.co/apartamento-en-venta-en-cerritos-pereira/193841825,Cerritos,Apartamento,"Apartamento en Pereira, Risaralda",460000000.0,False,65.0,7076923.076923077,2.0,2.0,"Apartamento en venta en cerritos, pereira"
https://www.fincaraiz.com.co/apartamento-en-venta-en-los-alamos-pereira/192674847,Los alamos,Apartamento,"Apartamento en Pereira, Risaralda",890000000.0,False,173.0,5144508.670520231,4.0,3.0,"Apartamento en venta en los alamos, pereira"
https://www.fincaraiz.com.co/apartamento-en-venta-en-circunvalar-alamos-pereira/193452370,Los alamos,Apartamento,"Apartamento en Pereira, Risaralda",420000000.0,False,50.0,8400000.0,2.0,2.0,"Apartamento en venta en circunvalar - alamos, pereira"
https://www.fincaraiz.com.co/apartamento-en-venta-en-los-alamos-pereira/193309256,Los alamos,Apartamento,"Apartamento en Pereira, Risaralda",800000000.0,False,108.0,7407407.407407408,4.0,3.0,"Apartamento en venta en los alamos, pereira"
https://www.fincaraiz.com.co/apartamento-en-venta-en-pereira/193397475,Pereira,Apartamento,"Apartamento en Pereira, Risaralda",440000000.0,False,70.0,6285714.285714285,2.0,2.0,Apartamento en venta en pereira
https://www.fincaraiz.com.co/casa-en-venta-en-belmonte-a-pereira/194164288,Belmonte a,Casa,"Casa en Pereira, Risaralda",610000000.0,False,125.0,4880000.0,4.0,2.0,"Casa en venta en belmonte a, pereira"
https://www.fincaraiz.com.co/apartamento-en-venta-en-los-alamos-pereira/10336607,Los alamos,Apartamento,"Apartamento en Pereira, Risaralda",530000000.0,False,81.0,6543209.87654321,2.0,2.0,"Apartamento en venta en los alamos, pereira"
https://www.fincaraiz.com.co/apartamento-en-venta-en-cerritos-pereira/193841042,Cerritos,Apartamento,"Apartamento en Pereira, Risaralda",930000000.0,False,126.0,7380952.380952381,3.0,3.0,"Apartamento en venta en cerritos, pereira"
https://www.fincaraiz.com.co/casa-en-venta-en-villa-belmonte-pereira/193811535,El campin i-ii,Casa,"Casa en Pereira, Risaralda",580000000.0,False,117.0,4957264.957264957,3.0,2.0,"Casa en venta en villa - belmonte, pereira"
https://www.fincaraiz.com.co/casa-en-venta-en-sector-plaza-de-bolivar-pereira/193547921,San jorge,Casa,"Casa en Pereira, Risaralda",1000000000.0,False,248.0,4032258.064516129,4.0,4.0,"Casa en venta en sector plaza de bolivar, pereira"
https://www.fincaraiz.com.co/casa-campestre-en-venta-en-cerritos-pereira/10602198,Cerritos,Casa Campestre,"Casa Campestre en Pereira, Risaralda",3000000000.0,False,621.0,4830917.874396135,4.0,4.0,"Casa campestre en venta en cerritos, pereira"
https://www.fincaraiz.com.co/apartamento-en-venta-en-pereira/193665194,Bosques de cantabria,Apartamento,"Apartamento en Pereira, Risaralda",340000000.0,False,60.0,5666666.666666667,3.0,2.0,Apartamento en venta en pereira
https://www.fincaraiz.com.co/apartamento-en-venta-en-galicia-pereira/193303722,Galicia,Apartamento,"Apartamento en Pereira, Risaralda",930000000.0,False,100.0,9300000.0,3.0,3.0,"Apartamento en venta en galicia, pereira"
https://www.fincaraiz.com.co/apartamento-en-venta-en-cerritos-pereira/192285680,Cerritos,Apartamento,"Apartamento en Pereira, Risaralda",490000000.0,False,76.0,6447368.421052632,2.0,2.0,"Apartamento en venta en cerritos, pereira"
https://www.fincaraiz.com.co/casa-en-venta-en-pereira/193913965,Santa teresita,Casa,"Casa en Pereira, Risaralda",700000000.0,False,260.0,2692307.6923076925,10.0,10.0,Casa en venta en pereira
https://www.fincaraiz.com.co/apartamento-en-venta-en-pinares-pereira/193309832,C. comercial la 14,Apartamento,"Apartamento en Pereira, Risaralda",600000000.0,False,118.0,5084745.762711864,0.0,3.0,"Apartamento en venta en pinares, pereira"
https://www.fincaraiz.com.co/apartamento-en-venta-en-pereira/194068242,Cambulos,Apartamento,"Apartamento en Pereira, Risaralda",720000000.0,False,80.0,9000000.0,3.0,2.0,Apartamento en venta en pereira
https://www.fincaraiz.com.co/apartamento-en-venta-en-niza-i-pereira/193552191,Niza ii,Apartamento,"Apartamento en Pereira, Risaralda",350000000.0,False,89.0,3932584.2696629213,3.0,2.0,"Apartamento en venta en niza i, pereira"
https://www.fincaraiz.com.co/casa-campestre-en-venta-en-pereira/192320075,Tribunas corcega,Casa Campestre,"Casa Campestre en Pereira, Risaralda",1500000000.0,False,350.0,4285714.285714285,5.0,4.0,Casa campestre en venta en pereira
https://www.fincaraiz.com.co/apartamento-en-venta-en-condina-pereira/193765482,Condina,Apartamento,"Apartamento en Pereira, Risaralda",360000000.0,False,56.0,6428571.428571428,3.0,2.0,"Apartamento en venta en condina, pereira"
https://www.fincaraiz.com.co/casa-en-venta-en-pereira/193213347,Bulevar de las villas,Casa,"Casa en Pereira, Risaralda",750000000.0,False,160.0,4687500.0,4.0,4.0,Casa en venta en pereira
https://www.fincaraiz.com.co/consultorio-en-venta-en-sector-belmonte-pereira/193836277,Sector belmonte,Consultorio,"Consultorio en Pereira, Risaralda",520000000.0,False,43.0,12093023.255813954,2.0,1.0,"Consultorio en venta en sector belmonte, pereira"
https://www.fincaraiz.com.co/apartamento-en-venta-en-avenida-sur-pereira/192864864,Avenida Sur,Apartamento,"Apartamento en Pereira, Risaralda",550000000.0,False,82.0,6707317.073170732,3.0,2.0,"Apartamento en venta en avenida sur, pereira"
https://www.fincaraiz.com.co/apartamento-en-venta-en-pinares-pereira/193607525,Cambulos,Apartamento,"Apartamento en Pereira, Risaralda",440000000.0,False,73.0,6027397.2602739725,2.0,2.0,"Apartamento en venta en pinares, pereira"
https://www.fincaraiz.com.co/casa-en-venta-en-pereira/193303708,Bosques de Santa Elena,Casa,"Casa en Pereira, Risaralda",675000000.0,False,120.0,5625000.0,5.0,5.0,Casa en venta en pereira
https://www.fincaraiz.com.co/apartamento-en-venta-en-cerritos-pereira/193841769,Cerritos,Apartamento,"Apartamento en Pereira, Risaralda",1350000000.0,False,170.0,7941176.470588235,3.0,3.0,"Apartamento en venta en cerritos, pereira"
https://www.fincaraiz.com.co/apartamento-en-venta-en-centenario-pereira/193184430,Centenario,Apartamento,"Apartamento en Pereira, Risaralda",530000000.0,False,141.0,3758865.2482269504,3.0,3.0,"Apartamento en venta en centenario, pereira"
https://www.fincaraiz.com.co/casa-en-venta-en-pereira/193311040,Samaria i etapa,Casa,"Casa en Pereira, Risaralda",370000000.0,False,125.0,2960000.0,5.0,3.0,Casa en venta en pereira
https://www.fincaraiz.com.co/casa-campestre-en-venta-en-cerritos-pereira/192924482,Cerritos,Casa Campestre,"Casa Campestre en Pereira, Risaralda",1950000000.0,False,360.0,5416666.666666667,4.0,5.0,"Casa campestre en venta en cerritos, pereira"
https://www.fincaraiz.com.co/casa-en-venta-en-combia-pereira/193841302,Combia,Casa,"Casa en Pereira, Risaralda",1550000000.0,False,183.6,8442265.795206971,3.0,2.0,"Casa en venta en combia, pereira"
https://www.fincaraiz.com.co/casa-en-venta-en-centro-pereira/192320047,Sector lago uribe,Casa,"Casa en Pereira, Risaralda",430000000.0,False,120.0,3583333.3333333335,9.0,6.0,"Casa en venta en centro, pereira"
https://www.fincaraiz.com.co/apartamento-en-venta-en-pereira/193733956,Pinares,Apartamento,"Apartamento en Pereira, Risaralda",1090000000.0,False,259.0,4208494.208494209,4.0,5.0,Apartamento en venta en pereira
https://www.fincaraiz.com.co/casa-en-venta-en-pereira/194068365,Samaria i etapa,Casa,"Casa en Pereira, Risaralda",530000000.0,False,200.0,2650000.0,8.0,4.0,Casa en venta en pereira
https://www.fincaraiz.com.co/apartamento-en-venta-en-pinares-pereira/191891597,Cambulos,Apartamento,"Apartamento en Pereira, Risaralda",950000000.0,False,98.8,9615384.615384616,3.0,3.0,"Apartamento en  venta en pinares, pereira"
https://www.fincaraiz.com.co/casa-en-venta-en-los-alamos-pereira/193754291,Los alamos,Casa,"Casa en Pereira, Risaralda",850000000.0,False,275.0,3090909.090909091,4.0,4.0,"Casa en venta en los alamos, pereira"
https://www.fincaraiz.com.co/apartamento-en-venta-en-universidad-pereira/192288384,Los angeles,Apartamento,"Apartamento en Pereira, Risaralda",430000000.0,False,77.0,5584415.584415585,3.0,2.0,"Apartamento en venta en universidad, pereira"
https://www.fincaraiz.com.co/apartamento-en-venta-en-cerritos-pereira/193841439,Cerritos,Apartamento,"Apartamento en Pereira, Risaralda",530000000.0,False,77.0,6883116.883116883,2.0,2.0,"Apartamento en venta en cerritos, pereira"
https://www.fincaraiz.com.co/apartamento-en-venta-en-pereira/193688384,Sector plaza de bolivar,Apartamento,"Apartamento en Pereira, Risaralda",210000000.0,False,46.0,4565217.391304348,3.0,3.0,Apartamento en venta en pereira
https://www.fincaraiz.com.co/casa-en-venta-en-los-alamos-pereira/192923548,Los alamos,Casa,"Casa en Pereira, Risaralda",950000000.0,False,153.0,6209150.326797386,3.0,3.0,"Casa en venta en los alamos, pereira"
https://www.fincaraiz.com.co/apartamento-en-venta-en-los-alpes-pereira/7996938,San jose sur,Apartamento,"Apartamento en Pereira, Risaralda",470000000.0,False,109.0,4311926.605504587,3.0,2.0,"Apartamento en venta en los alpes, pereira"
https://www.fincaraiz.com.co/apartaestudio-en-venta-en-los-alamos-pereira/193829507,Los alamos,Apartaestudio,"Apartaestudio en Pereira, Risaralda",310915000.0,False,30.0,10363833.333333334,1.0,1.0,"Apartaestudio en venta en los alamos, pereira"
https://www.fincaraiz.com.co/apartamento-en-venta-en-centro-pereira/192320637,San jose sur,Apartamento,"Apartamento en Pereira, Risaralda",280000000.0,False,132.0,2121212.121212121,4.0,3.0,"Apartamento en venta en centro, pereira"
https://www.fincaraiz.com.co/apartaestudio-en-venta-en-cerritos-pereira/193635617,Cerritos,Apartaestudio,"Apartaestudio en Pereira, Risaralda",440000000.0,False,50.0,8800000.0,1.0,1.0,"Apartaestudio en venta en cerritos, pereira"
https://www.fincaraiz.com.co/casa-en-venta-en-gamma-pereira/192107483,Pinar de gama,Casa,"Casa en Pereira, Risaralda",410000000.0,False,140.0,2928571.4285714286,4.0,3.0,"Casa en  venta en gamma, pereira"
https://www.fincaraiz.com.co/apartamento-en-venta-en-pinares-pereira/10520637,La julita,Apartamento,"Apartamento en Pereira, Risaralda",1200000000.0,False,247.0,4858299.5951417005,4.0,3.0,"Apartamento en venta en pinares, pereira"
https://www.fincaraiz.com.co/casa-campestre-en-venta-en-pereira/192320019,Tribunas corcega,Casa Campestre,"Casa Campestre en Pereira, Risaralda",1100000000.0,False,270.0,4074074.074074074,5.0,3.0,Casa campestre en venta en pereira
https://www.fincaraiz.com.co/casa-en-venta-en-centro-pereira/193583317,Sector lago uribe,Casa,"Casa en Pereira, Risaralda",230000000.0,False,200.0,1150000.0,3.0,2.0,"Casa en venta en centro, pereira"
https://www.fincaraiz.com.co/casa-campestre-en-venta-en-cerritos-pereira/193709927,Cerritos,Casa Campestre,"Casa Campestre en Pereira, Risaralda",2200000000.0,False,280.0,7857142.857142857,3.0,3.0,"Casa campestre en venta en cerritos, pereira"
https://www.fincaraiz.com.co/apartamento-en-venta-en-alfonso-lopez-pereira/194061142,Alfonso lopez,Apartamento,"Apartamento en Pereira, Risaralda",500000000.0,False,150.0,3333333.3333333335,4.0,3.0,"Apartamento en venta en alfonso lopez, pereira"
https://www.fincaraiz.com.co/apartamento-en-venta-en-cerritos-pereira/193604407,Galicia,Apartamento,"Apartamento en Pereira, Risaralda",830000000.0,False,120.0,6916666.666666667,2.0,2.0,"Apartamento en venta en cerritos, pereira"
https://www.fincaraiz.com.co/casa-en-venta-en-primero-de-febrero-pereira/193870616,Remigio antonio canarte,Casa,"Casa en Pereira, Risaralda",420000000.0,False,174.0,2413793.103448276,4.0,2.0,"Casa en venta en primero de febrero, pereira"
https://www.fincaraiz.com.co/casa-campestre-en-venta-en-condina-pereira/193535301,Condina,Casa Campestre,"Casa Campestre en Pereira, Risaralda",1750000000.0,False,1873.0,934329.9519487453,4.0,6.0,"Casa campestre en venta en condina, pereira"
https://www.fincaraiz.com.co/casa-campestre-en-venta-en-morelia-pereira/192893244,Morelia,Casa Campestre,"Casa Campestre en Pereira, Risaralda",1400000000.0,False,500.0,2800000.0,7.0,4.0,"Casa campestre en venta en morelia, pereira"
https://www.fincaraiz.com.co/casa-campestre-en-venta-en-combia-pereira/192007304,Combia,Casa Campestre,"Casa Campestre en Pereira, Risaralda",1400000000.0,False,1800.0,777777.7777777778,5.0,5.0,"Casa campestre en  venta en combia, pereira"
https://www.fincaraiz.com.co/apartamento-en-venta-en-la-elvira-pereira/193960057,Niza ii,Apartamento,"Apartamento en Pereira, Risaralda",270000000.0,False,88.0,3068181.8181818184,3.0,2.0,"Apartamento en venta en la elvira, pereira"
https://www.fincaraiz.com.co/local-en-venta-en-pinares-pereira/193479788,Pinares,Local Comercial,"Local Comercial en Pereira, Risaralda",280000000.0,False,31.0,9032258.064516129,1.0,1.0,"Local en venta en pinares, pereira"
https://www.fincaraiz.com.co/casa-en-venta-en-pereira/193973664,Cañaveral i,Casa,"Casa en Pereira, Risaralda",450000000.0,False,198.0,2272727.272727273,3.0,2.0,Casa en venta en pereira
https://www.fincaraiz.com.co/apartamento-en-venta-en-cerritos-pereira/193053782,Cerritos,Apartamento,"Apartamento en Pereira, Risaralda",850000000.0,False,104.0,8173076.923076923,2.0,3.0,"Apartamento en venta en cerritos, pereira"
https://www.fincaraiz.com.co/finca-en-venta-en-pereira/193332376,Arabia,Finca,"Finca en Pereira, Risaralda",1818000000.0,False,300.0,6060000.0,5.0,4.0,Finca en venta en pereira
https://www.fincaraiz.com.co/casa-en-venta-en-centenario-pereira/192647823,Centenario,Casa,"Casa en Pereira, Risaralda",650000000.0,False,250.0,2600000.0,5.0,2.0,"Casa en venta en centenario, pereira"
https://www.fincaraiz.com.co/casa-campestre-en-venta-en-cerritos-pereira/191373046,Cerritos,Casa Campestre,"Casa Campestre en Pereira, Risaralda",1270000000.0,False,460.0,2760869.565217391,3.0,3.0,"Casa campestre en  venta en cerritos, pereira"
https://www.fincaraiz.com.co/apartaestudio-en-venta-en-pinares-pereira/191797198,Cambulos,Apartaestudio,"Apartaestudio en Pereira, Risaralda",350000000.0,False,59.0,5932203.389830508,1.0,1.0,"Apartaestudio en  venta en pinares, pereira"
https://www.fincaraiz.com.co/casa-en-venta-en-combia-pereira/194258972,Combia,Casa,"Casa en Pereira, Risaralda",1900000000.0,False,428.0,4439252.336448598,8.0,7.0,"Casa en venta en combia, pereira"
https://www.fincaraiz.com.co/casa-en-venta-en-la-hermosa-ii-etapa-pereira/193725483,La hermosa ii etapa,Casa,"Casa en Pereira, Risaralda",360000000.0,False,210.0,1714285.7142857143,5.0,2.0,"Casa en venta en la hermosa ii etapa, pereira"
https://www.fincaraiz.com.co/apartamento-en-venta-en-pinares-pereira/193447191,Cambulos,Apartamento,"Apartamento en Pereira, Risaralda",1400000000.0,False,232.0,6034482.75862069,3.0,4.0,"Apartamento en venta en pinares, pereira"
https://www.fincaraiz.com.co/casa-campestre-en-venta-en-pereira/193960647,Pereira,Casa Campestre,"Casa Campestre en Pereira, Risaralda",2000000000.0,False,500.0,4000000.0,5.0,5.0,Casa campestre en venta en pereira
https://www.fincaraiz.com.co/bodega-en-venta-en-los-angeles-pereira/192599642,Los angeles,Bodega,"Bodega en Pereira, Risaralda",8880000000.0,False,2538.0,3498817.9669030732,2.0,10.0,"Bodega en venta en los angeles, pereira"
https://www.fincaraiz.com.co/edificio-en-venta-en-maraya-pereira/193786790,Sector 30 de agosto,Edificio,"Edificio en Pereira, Risaralda",5500000000.0,False,3000.0,1833333.3333333333,3.0,4.0,"Edificio en venta en maraya, pereira"
https://www.fincaraiz.com.co/casa-en-venta-en-cuba-pereira/193767677,Torres de la acuarela,Casa,"Casa en Pereira, Risaralda",348000000.0,False,144.0,2416666.6666666665,3.0,3.0,"Casa en venta en cuba, pereira"
https://www.fincaraiz.com.co/apartamento-en-venta-en-los-angeles-pereira/192929300,Los angeles,Apartamento,"Apartamento en Pereira, Risaralda",650000000.0,False,78.0,8333333.333333333,2.0,2.0,"Apartamento en venta en los angeles, pereira"
https://www.fincaraiz.com.co/casa-en-venta-en-pueblito-cafetero-pereira/193693669,Morelia,Casa,"Casa en Pereira, Risaralda",1960000000.0,False,270.0,7259259.259259259,2.0,3.0,"Casa en venta en pueblito cafetero, pereira"
https://www.fincaraiz.com.co/apartamento-en-venta-en-pinares-pereira/193431126,Pinares,Apartamento,"Apartamento en Pereira, Risaralda",2100000000.0,False,175.0,12000000.0,3.0,5.0,"Apartamento en venta en pinares, pereira"
https://www.fincaraiz.com.co/casa-en-venta-en-cerritos-pereira/191373787,Cerritos,Casa Campestre,"Casa Campestre en Pereira, Risaralda",3200000000.0,False,3200.0,1000000.0,5.0,4.0,"Casa en  venta en cerritos, pereira"
https://www.fincaraiz.com.co/casa-en-venta-en-circunvalar-alamos-pereira/193364464,La enseñanza,Casa,"Casa en Pereira, Risaralda",1500000000.0,False,330.0,4545454.545454546,3.0,5.0,"Casa en venta en circunvalar - alamos, pereira"
https://www.fincaraiz.com.co/apartamento-en-venta-en-pinares-pereira/193297486,Cambulos,Apartamento,"Apartamento en Pereira, Risaralda",520000000.0,False,130.0,4000000.0,3.0,3.0,"Apartamento en venta en pinares, pereira"
https://www.fincaraiz.com.co/apartaestudio-en-venta-en-belalcazar-pereira/193145186,Belalcazar,Apartaestudio,"Apartaestudio en Pereira, Risaralda",412000000.0,False,49.0,8408163.265306123,1.0,2.0,"Apartaestudio en venta en belalcazar, pereira"
https://www.fincaraiz.com.co/apartamento-en-venta-en-galicia-pereira/194191211,Galicia,Apartamento,"Apartamento en Pereira, Risaralda",380000000.0,False,60.0,6333333.333333333,2.0,2.0,"Apartamento en venta en galicia, pereira"
https://www.fincaraiz.com.co/apartamento-en-venta-en-pinares-pereira/193493051,Pinares,Apartamento,"Apartamento en Pereira, Risaralda",380000000.0,False,59.0,6440677.966101695,2.0,2.0,"Apartamento en venta en pinares, pereira"
https://www.fincaraiz.com.co/apartamento-en-venta-en-providencia-pereira/193808182,Providencia,Apartamento,"Apartamento en Pereira, Risaralda",300000000.0,False,60.0,5000000.0,2.0,1.0,"Apartamento en venta en providencia, pereira"
https://www.fincaraiz.com.co/finca-en-venta-en-combia-pereira/193314141,Combia,Finca,"Finca en Pereira, Risaralda",9000000000.0,False,2200.0,4090909.090909091,23.0,30.0,"Finca en venta en combia, pereira"
https://www.fincaraiz.com.co/apartaestudio-en-venta-en-circunvalar-alamos-pereira/193841053,La julia,Apartaestudio,"Apartaestudio en Pereira, Risaralda",270000000.0,False,42.0,6428571.428571428,1.0,1.0,"Apartaestudio en venta en circunvalar - alamos, pereira"
https://www.fincaraiz.com.co/apartamento-en-venta-en-villa-belmonte-pereira/192320567,Cambulos,Apartamento,"Apartamento en Pereira, Risaralda",270000000.0,False,65.0,4153846.153846154,2.0,2.0,"Apartamento en venta en villa - belmonte, pereira"
https://www.fincaraiz.com.co/apartamento-en-venta-en-sector-belmonte-pereira/193109390,Sector belmonte,Apartamento,"Apartamento en Pereira, Risaralda",355000000.0,False,64.0,5546875.0,2.0,2.0,"Apartamento en venta en sector belmonte, pereira"
https://www.fincaraiz.com.co/casa-en-venta-en-berlin-pereira/193310461,Berlin,Casa,"Casa en Pereira, Risaralda",340000000.0,False,120.0,2833333.3333333335,7.0,3.0,"Casa en venta en berlin, pereira"
https://www.fincaraiz.com.co/casa-en-venta-en-combia-pereira/192321020,Combia,Casa,"Casa en Pereira, Risaralda",1600000000.0,False,500.0,3200000.0,6.0,3.0,"Casa en venta en combia, pereira"
https://www.fincaraiz.com.co/casa-en-venta-en-berlin-pereira/193313976,Berlin,Casa,"Casa en Pereira, Risaralda",300000000.0,False,230.0,1304347.8260869565,6.0,3.0,"Casa en venta en berlin, pereira"
https://www.fincaraiz.com.co/casa-campestre-en-venta-en-combia-baja-pereira/193417642,Combia baja,Casa Campestre,"Casa Campestre en Pereira, Risaralda",1300000000.0,False,1800.0,722222.2222222222,3.0,4.0,"Casa campestre en venta en combia baja, pereira"
https://www.fincaraiz.com.co/apartamento-en-venta-en-avenida-30-de-agosto-pereira/194067031,Avenida 30 de agosto,Apartamento,"Apartamento en Pereira, Risaralda",430000000.0,False,73.0,5890410.95890411,3.0,2.0,"Apartamento en venta en avenida 30 de agosto, pereira"
https://www.fincaraiz.com.co/casa-en-venta-en-los-corales-pereira/192610612,Los corales,Casa,"Casa en Pereira, Risaralda",530000000.0,False,180.0,2944444.4444444445,4.0,5.0,"Casa en venta en los corales, pereira"
https://www.fincaraiz.com.co/apartamento-en-venta-en-condina-pereira/191880638,Condina,Apartamento,"Apartamento en Pereira, Risaralda",178000000.0,False,72.0,2472222.222222222,3.0,2.0,"Apartamento en  venta en condina, pereira"
https://www.fincaraiz.com.co/edificio-en-venta-en-pereira/193829409,El poblado ii etapa,Edificio,"Edificio en Pereira, Risaralda",605000000.0,False,220.0,2750000.0,9.0,3.0,Edificio en venta en pereira
https://www.fincaraiz.com.co/apartamento-en-venta-en-el-poblado-pereira/193840572,San jose sur,Apartamento,"Apartamento en Pereira, Risaralda",390000000.0,False,72.0,5416666.666666667,3.0,2.0,"Apartamento en venta en el poblado, pereira"
https://www.fincaraiz.com.co/finca-en-venta-en-combia-pereira/192319770,Combia,Finca,"Finca en Pereira, Risaralda",2500000000.0,False,300.0,8333333.333333333,3.0,2.0,"Finca en venta en combia, pereira"
https://www.fincaraiz.com.co/casa-en-venta-en-pinares-pereira/193691169,Cambulos,Casa,"Casa en Pereira, Risaralda",790000000.0,False,203.0,3891625.615763547,3.0,2.0,"Casa en venta en pinares, pereira"
https://www.fincaraiz.com.co/apartaestudio-en-venta-en-los-alamos-pereira/192179855,Los alamos,Apartaestudio,"Apartaestudio en Pereira, Risaralda",350000000.0,False,42.0,8333333.333333333,1.0,1.0,"Apartaestudio en  venta en los alamos, pereira"
https://www.fincaraiz.com.co/oficina-en-venta-en-centro-pereira/192625578,Olaya herrera,Oficina,"Oficina en Pereira, Risaralda",230000000.0,False,61.0,3770491.8032786883,2.0,1.0,"Oficina en venta en centro, pereira"
https://www.fincaraiz.com.co/casa-en-venta-en-los-corales-pereira/192320525,Los corales,Casa,"Casa en Pereira, Risaralda",650000000.0,False,240.0,2708333.3333333335,5.0,2.0,"Casa en venta en los corales, pereira"
https://www.fincaraiz.com.co/apartamento-en-venta-en-avenida-sur-pereira/192393915,Avenida Sur,Apartamento,"Apartamento en Pereira, Risaralda",390000000.0,False,68.0,5735294.117647059,3.0,2.0,"Apartamento en venta en avenida sur, pereira"
https://www.fincaraiz.com.co/casa-campestre-en-venta-en-cerritos-pereira/193781530,Cerritos,Casa Campestre,"Casa Campestre en Pereira, Risaralda",3300000000.0,False,440.0,7500000.0,5.0,3.0,"Casa campestre en venta en cerritos, pereira"
https://www.fincaraiz.com.co/apartamento-en-venta-en-la-villa-pereira/194162115,La villa,Apartamento,"Apartamento en Pereira, Risaralda",250000000.0,False,75.0,3333333.3333333335,3.0,2.0,"Apartamento en venta en la villa, pereira"
https://www.fincaraiz.com.co/casa-en-venta-en-pereira/193413179,Morelia,Casa,"Casa en Pereira, Risaralda",700000000.0,False,254.0,2755905.5118110236,4.0,3.0,Casa en venta en pereira
https://www.fincaraiz.com.co/casa-en-venta-en-cerritos-pereira/193364243,Cerritos,Casa,"Casa en Pereira, Risaralda",1650000000.0,False,277.0,5956678.700361011,3.0,4.0,"Casa en venta en cerritos, pereira"
https://www.fincaraiz.com.co/apartamento-en-venta-en-cerritos-pereira/193301398,Cerritos,Apartamento,"Apartamento en Pereira, Risaralda",780000000.0,False,100.0,7800000.0,2.0,2.0,"Apartamento en venta en cerritos, pereira"
https://www.fincaraiz.com.co/finca-en-venta-en-combia-pereira/193678303,Combia baja,Finca,"Finca en Pereira, Risaralda",2900000000.0,False,270000.0,10740.74074074074,5.0,3.0,"Finca en venta en combia, pereira"
https://www.fincaraiz.com.co/apartaestudio-en-venta-en-los-alpes-pereira/193362101,San jose sur,Apartaestudio,"Apartaestudio en Pereira, Risaralda",385000000.0,False,48.0,8020833.333333333,1.0,2.0,"Apartaestudio en venta en los alpes, pereira"
https://www.fincaraiz.com.co/casa-en-venta-en-centro-pereira/193310254,San jose sur,Casa,"Casa en Pereira, Risaralda",880000000.0,False,248.0,3548387.0967741935,5.0,5.0,"Casa en venta en centro, pereira"
https://www.fincaraiz.com.co/apartamento-en-venta-en-providencia-pereira/193681818,Providencia,Apartamento,"Apartamento en Pereira, Risaralda",370000000.0,False,82.0,4512195.12195122,3.0,3.0,"Apartamento en venta en providencia, pereira"
https://www.fincaraiz.com.co/casa-en-venta-en-pereira/193829518,Tribunas corcega,Casa,"Casa en Pereira, Risaralda",1400000000.0,False,732.0,1912568.306010929,6.0,6.0,Casa en venta en pereira
https://www.fincaraiz.com.co/casa-en-venta-en-san-luis/194019728,San remo,Casa,"Casa en Pereira, Risaralda",395000000.0,False,136.0,2904411.7647058824,4.0,2.0,Casa en venta en san luis
https://www.fincaraiz.com.co/apartamento-en-venta-en-aeropuerto-pereira/194077836,Aeropuerto,Apartamento,"Apartamento en Pereira, Risaralda",260000000.0,False,49.0,5306122.448979592,2.0,2.0,"Apartamento en venta en aeropuerto, pereira"
https://www.fincaraiz.com.co/apartamento-en-venta-en-los-alamos-pereira/4150306,Los alamos,Apartamento,"Apartamento en Pereira, Risaralda",750000000.0,False,150.0,5000000.0,3.0,3.0,"Apartamento en venta en los alamos, pereira"
https://www.fincaraiz.com.co/casa-en-venta-en-venecia-pereira/193493420,Venecia,Casa,"Casa en Pereira, Risaralda",550000000.0,False,161.0,3416149.0683229812,3.0,2.0,"Casa en venta en venecia, pereira"
https://www.fincaraiz.com.co/apartamento-en-venta-en-la-villa-pereira/193311311,La villa,Apartamento,"Apartamento en Pereira, Risaralda",330000000.0,False,53.0,6226415.094339622,0.0,2.0,"Apartamento en venta en la villa, pereira"
https://www.fincaraiz.com.co/casa-en-venta-en-cerritos-pereira/192169419,Cerritos,Casa,"Casa en Pereira, Risaralda",2350000000.0,False,500.0,4700000.0,4.0,5.0,"Casa en  venta en cerritos, pereira"
https://www.fincaraiz.com.co/apartamento-en-venta-en-los-alamos-pereira/193303663,Los alamos,Apartamento,"Apartamento en Pereira, Risaralda",490000000.0,False,85.0,5764705.882352941,3.0,2.0,"Apartamento en venta en los alamos, pereira"
https://www.fincaraiz.com.co/casa-campestre-en-venta-en-morelia-pereira/193836685,Morelia,Casa Campestre,"Casa Campestre en Pereira, Risaralda",1400000000.0,False,2100.0,666666.6666666666,5.0,5.0,"Casa campestre en venta en morelia, pereira"
https://www.fincaraiz.com.co/casa-campestre-en-venta-en-cerritos-pereira/192701823,Cerritos,Casa Campestre,"Casa Campestre en Pereira, Risaralda",1490000000.0,False,400.0,3725000.0,3.0,5.0,"Casa campestre en venta en cerritos, pereira"
https://www.fincaraiz.com.co/edificio-en-venta-en-los-corales-pereira/193302592,Los corales,Edificio,"Edificio en Pereira, Risaralda",1600000000.0,False,360.0,4444444.444444444,7.0,4.0,"Edificio en venta en los corales, pereira"
https://www.fincaraiz.com.co/casa-en-venta-en-centro-pereira/192321087,Remigio antonio canarte,Casa,"Casa en Pereira, Risaralda",350000000.0,False,60.0,5833333.333333333,5.0,2.0,"Casa en venta en centro, pereira"
https://www.fincaraiz.com.co/apartamento-en-venta-en-galicia-pereira/193309004,Galicia,Apartamento,"Apartamento en Pereira, Risaralda",280000000.0,False,65.0,4307692.307692308,2.0,1.0,"Apartamento en venta en galicia, pereira"
https://www.fincaraiz.com.co/finca-en-venta-en-risaralda-pereira/192455029,Arabia,Finca,"Finca en Pereira, Risaralda",1260000000.0,False,12800.0,98437.5,4.0,2.0,"Finca en venta en risaralda, pereira"
https://www.fincaraiz.com.co/casa-en-venta-en-pereira/193310995,El porvenir,Casa,"Casa en Pereira, Risaralda",700000000.0,False,150.0,4666666.666666667,3.0,3.0,Casa en venta en pereira
https://www.fincaraiz.com.co/casa-en-venta-en-centro-pereira/192321389,Sector plaza de bolivar,Casa,"Casa en Pereira, Risaralda",800000000.0,False,220.0,3636363.6363636362,8.0,8.0,"Casa en venta en centro, pereira"
https://www.fincaraiz.com.co/casa-campestre-en-venta-en-cerritos-pereira/193302729,Cerritos,Casa Campestre,"Casa Campestre en Pereira, Risaralda",2500000000.0,False,472.0,5296610.169491526,4.0,6.0,"Casa campestre en venta en cerritos, pereira"
https://www.fincaraiz.com.co/casa-en-venta-en-la-bella-pereira/192580252,La florida,Casa,"Casa en Pereira, Risaralda",500000000.0,False,140.0,3571428.5714285714,4.0,2.0,"Casa en venta en la bella, pereira"
https://www.fincaraiz.com.co/apartamento-en-venta-en-centro-pereira/193840502,Sector plaza de bolivar,Apartamento,"Apartamento en Pereira, Risaralda",330000000.0,False,135.0,2444444.4444444445,4.0,3.0,"Apartamento en venta en centro, pereira"
https://www.fincaraiz.com.co/apartamento-en-venta-en-sector-belmonte-pereira/192888202,Sector belmonte,Apartamento,"Apartamento en Pereira, Risaralda",490000000.0,False,78.0,6282051.282051282,3.0,2.0,"Apartamento en venta en sector belmonte, pereira"
https://www.fincaraiz.com.co/apartamento-en-venta-en-coodelmar-iv-etapa-pereira/193463734,Coodelmar iv etapa,Apartamento,"Apartamento en Pereira, Risaralda",220000000.0,False,72.0,3055555.5555555555,3.0,1.0,"Apartamento en venta en coodelmar iv etapa, pereira"
https://www.fincaraiz.com.co/finca-en-venta-en-pereira/193151349,Altagracia,Finca,"Finca en Pereira, Risaralda",390000000.0,False,200.0,1950000.0,5.0,2.0,Finca en venta en pereira
https://www.fincaraiz.com.co/apartamento-en-venta-en-circunvalar-alamos-pereira/193958997,San jose sur,Apartamento,"Apartamento en Pereira, Risaralda",975000000.0,False,186.0,5241935.483870967,4.0,3.0,"Apartamento en venta en circunvalar - alamos, pereira"
https://www.fincaraiz.com.co/casa-en-venta-en-pereira/192171684,Pinares,Casa,"Casa en Pereira, Risaralda",850000000.0,False,200.0,4250000.0,4.0,4.0,Casa en  venta en pereira
https://www.fincaraiz.com.co/apartamento-en-venta-en-pereira/193310514,Bosques de la salle,Apartamento,"Apartamento en Pereira, Risaralda",320000000.0,False,77.0,4155844.1558441557,3.0,2.0,Apartamento en venta en pereira
https://www.fincaraiz.com.co/apartamento-en-venta-en-cerritos-pereira/193084975,Galicia,Apartamento,"Apartamento en Pereira, Risaralda",640000000.0,False,95.0,6736842.105263158,3.0,2.0,"Apartamento en venta en cerritos, pereira"
https://www.fincaraiz.com.co/apartamento-en-venta-en-el-poblado-ii-etapa-pereira/193274581,Barajas,Apartamento,"Apartamento en Pereira, Risaralda",350000000.0,False,64.0,5468750.0,3.0,2.0,"Apartamento en venta en el poblado ii etapa, pereira"
https://www.fincaraiz.com.co/casa-campestre-en-venta-en-cerritos-pereira/194119988,Cerritos,Casa Campestre,"Casa Campestre en Pereira, Risaralda",3900000000.0,False,1150.0,3391304.347826087,13.0,10.0,"Casa campestre en venta en cerritos, pereira"
https://www.fincaraiz.com.co/finca-en-venta-en-combia-pereira/192320441,Combia,Finca,"Finca en Pereira, Risaralda",650000000.0,False,1400.0,464285.71428571426,2.0,2.0,"Finca en venta en combia, pereira"
https://www.fincaraiz.com.co/apartamento-en-venta-en-maraya-pereira/193134968,Maraya,Apartamento,"Apartamento en Pereira, Risaralda",360000000.0,False,89.0,4044943.820224719,3.0,2.0,"Apartamento en venta en maraya, pereira"
https://www.fincaraiz.com.co/casa-campestre-en-venta-en-pueblito-cafetero-pereira/193625027,Pueblito Cafetero,Casa Campestre,"Casa Campestre en Pereira, Risaralda",2900000000.0,False,1050.0,2761904.761904762,7.0,10.0,"Casa campestre en venta en pueblito cafetero, pereira"
https://www.fincaraiz.com.co/apartamento-en-venta-en-pinares-pereira/193462484,Los angeles,Apartamento,"Apartamento en Pereira, Risaralda",1500000000.0,False,320.0,4687500.0,4.0,5.0,"Apartamento en venta en pinares, pereira"
https://www.fincaraiz.com.co/apartamento-en-venta-en-cerritos-pereira/194059889,Cerritos,Apartamento,"Apartamento en Pereira, Risaralda",1300000000.0,False,170.0,7647058.823529412,3.0,5.0,"Apartamento en venta en cerritos, pereira"
https://www.fincaraiz.com.co/casa-en-venta-en-tribunas-corcega-pereira/192767221,Tribunas corcega,Casa,"Casa en Pereira, Risaralda",1950000000.0,False,400.0,4875000.0,7.0,5.0,"Casa en venta en tribunas corcega, pereira"
https://www.fincaraiz.com.co/edificio-en-venta-en-pereira/193841833,El poblado ii etapa,Edificio,"Edificio en Pereira, Risaralda",3300000000.0,False,672.0,4910714.285714285,10.0,9.0,Edificio en venta en pereira
https://www.fincaraiz.com.co/casa-en-venta-en-galicia-pereira/193955289,Cerritos,Casa,"Casa en Pereira, Risaralda",380000000.0,False,72.0,5277777.777777778,3.0,3.0,"Casa en venta en galicia, pereira"
https://www.fincaraiz.com.co/apartamento-en-venta-en-bosques-de-la-acuarela-pereira/193304376,Bosques de la acuarela,Apartamento,"Apartamento en Pereira, Risaralda",270000000.0,False,95.0,2842105.263157895,3.0,2.0,"Apartamento en venta en bosques de la acuarela, pereira"
https://www.fincaraiz.com.co/oficina-en-venta-en-centro-pereira/193068896,Primero de febrero,Oficina,"Oficina en Pereira, Risaralda",380000000.0,False,55.0,6909090.909090909,2.0,1.0,"Oficina en venta en centro, pereira"
https://www.fincaraiz.com.co/casa-en-venta-en-pinares-pereira/193119960,Pinares,Casa,"Casa en Pereira, Risaralda",1200000000.0,False,290.0,4137931.0344827585,4.0,5.0,"Casa en venta en pinares, pereira"
https://www.fincaraiz.com.co/apartamento-en-venta-en-condina-pereira/193462621,Batara,Apartamento,"Apartamento en Pereira, Risaralda",350000000.0,False,56.0,6250000.0,3.0,2.0,"Apartamento en venta en condina, pereira"
https://www.fincaraiz.com.co/casa-en-venta-en-villa-santana-pereira/193696563,Villa santana intermedio,Casa,"Casa en Pereira, Risaralda",135000000.0,False,42.0,3214285.714285714,2.0,1.0,"Casa en venta en villa santana, pereira"
https://www.fincaraiz.com.co/casa-campestre-en-venta-en-cerritos-pereira/193941819,Cerritos,Casa Campestre,"Casa Campestre en Pereira, Risaralda",3100000000.0,False,2000.0,1550000.0,3.0,5.0,"Casa campestre en venta en cerritos, pereira"
https://www.fincaraiz.com.co/finca-en-venta-en-morelia-pereira/193308948,Morelia,Finca,"Finca en Pereira, Risaralda",1500000000.0,False,380.0,3947368.4210526315,4.0,3.0,"Finca en venta en morelia, pereira"
https://www.fincaraiz.com.co/casa-en-venta-en-los-alamos-pereira/192945636,Los alamos,Casa,"Casa en Pereira, Risaralda",1550000000.0,False,310.0,5000000.0,5.0,4.0,"Casa en venta en los alamos, pereira"
https://www.fincaraiz.com.co/casa-en-venta-en-cerritos-pereira/193336615,Cerritos,Casa,"Casa en Pereira, Risaralda",2000000000.0,False,500.0,4000000.0,6.0,5.0,"Casa en venta en cerritos, pereira"
https://www.fincaraiz.com.co/apartamento-en-venta-en-sector-galeria-central-pereira/192623928,Sector galeria central,Apartamento,"Apartamento en Pereira, Risaralda",450000000.0,False,66.0,6818181.818181818,2.0,2.0,"Apartamento en venta en sector galeria central, pereira"
https://www.fincaraiz.com.co/apartamento-en-venta-en-belmonte-a-pereira/192531109,Belmonte a,Apartamento,"Apartamento en Pereira, Risaralda",285000000.0,False,85.0,3352941.1764705884,3.0,2.0,"Apartamento en venta en belmonte a, pereira"
https://www.fincaraiz.com.co/casa-en-venta-en-pinares-pereira/193588750,Pinares,Casa,"Casa en Pereira, Risaralda",1150000000.0,False,225.0,5111111.111111111,4.0,4.0,"Casa en venta en pinares, pereira"
https://www.fincaraiz.com.co/apartamento-en-venta-en-centenario-pereira/193631109,Centenario,Apartamento,"Apartamento en Pereira, Risaralda",245000000.0,False,84.0,2916666.6666666665,2.0,2.0,"Apartamento en venta en centenario, pereira"
https://www.fincaraiz.com.co/casa-en-venta-en-cerritos-pereira/194058625,Cerritos,Casa,"Casa en Pereira, Risaralda",1380000000.0,False,210.0,6571428.571428572,3.0,4.0,"Casa en venta en cerritos, pereira"
https://www.fincaraiz.com.co/apartamento-en-venta-en-pereira/193958927,San jose sur,Apartamento,"Apartamento en Pereira, Risaralda",450000000.0,False,62.0,7258064.516129033,2.0,2.0,Apartamento en venta en pereira
https://www.fincaraiz.com.co/apartamento-en-venta-en-pinares-pereira/192936450,Pinares,Apartamento,"Apartamento en Pereira, Risaralda",3738000000.0,False,356.0,10500000.0,3.0,4.0,"Apartamento en venta en pinares, pereira"
https://www.fincaraiz.com.co/casa-en-venta-en-cuba-pereira/193841805,Guadalupe,Casa,"Casa en Pereira, Risaralda",520000000.0,False,190.0,2736842.1052631577,6.0,3.0,"Casa en venta en cuba, pereira"
https://www.fincaraiz.com.co/casa-campestre-en-venta-en-condina-pereira/193817488,Condina,Casa Campestre,"Casa Campestre en Pereira, Risaralda",1500000000.0,False,284.0,5281690.140845071,4.0,4.0,"Casa campestre en venta en condina, pereira"
https://www.fincaraiz.com.co/finca-en-venta-en-combia-pereira/193309071,Combia,Finca,"Finca en Pereira, Risaralda",3200000000.0,False,590.0,5423728.813559322,7.0,8.0,"Finca en venta en combia, pereira"
https://www.fincaraiz.com.co/finca-en-venta-en-combia-pereira/192319781,Combia,Finca,"Finca en Pereira, Risaralda",1100000000.0,False,300.0,3666666.6666666665,3.0,2.0,"Finca en venta en combia, pereira"
https://www.fincaraiz.com.co/apartamento-en-venta-en-pereira/193311364,Santander,Apartamento,"Apartamento en Pereira, Risaralda",200000000.0,False,90.0,2222222.222222222,2.0,1.0,Apartamento en venta en pereira
https://www.fincaraiz.com.co/apartamento-en-venta-en-circunvalar-alamos-pereira/193190411,San jose,Apartamento,"Apartamento en Pereira, Risaralda",455000000.0,False,68.0,6691176.470588235,2.0,2.0,"Apartamento en venta en circunvalar - alamos, pereira"
https://www.fincaraiz.com.co/casa-campestre-en-venta-en-pereira/194207231,San jose,Casa Campestre,"Casa Campestre en Pereira, Risaralda",2800000000.0,False,320.0,8750000.0,4.0,3.0,Casa campestre en venta en pereira
https://www.fincaraiz.com.co/casa-campestre-en-venta-en-morelia-pereira/192642862,Morelia,Casa Campestre,"Casa Campestre en Pereira, Risaralda",1800000000.0,False,310.0,5806451.612903226,5.0,4.0,"Casa campestre en venta en morelia, pereira"
https://www.fincaraiz.com.co/apartamento-en-venta-en-sector-belmonte-pereira/193815181,Sector belmonte,Apartamento,"Apartamento en Pereira, Risaralda",330000000.0,False,69.0,4782608.695652174,2.0,2.0,"Apartamento en venta en sector belmonte, pereira"
https://www.fincaraiz.com.co/casa-en-venta-en-centenario-pereira/193687500,Centenario,Casa,"Casa en Pereira, Risaralda",600000000.0,False,126.0,4761904.761904762,5.0,2.0,"Casa en venta en centenario, pereira"
https://www.fincaraiz.com.co/apartamento-en-venta-en-pinares-pereira/192797592,Cambulos,Apartamento,"Apartamento en Pereira, Risaralda",650000000.0,False,114.0,5701754.385964912,3.0,2.0,"Apartamento en venta en pinares, pereira"
https://www.fincaraiz.com.co/apartaestudio-en-venta-en-cerritos-pereira/193748972,Cerritos,Apartaestudio,"Apartaestudio en Pereira, Risaralda",350000000.0,False,42.0,8333333.333333333,1.0,1.0,"Apartaestudio en venta en cerritos, pereira"
https://www.fincaraiz.com.co/casa-en-venta-en-bavaria-pereira/192043768,Santander,Casa,"Casa en Pereira, Risaralda",440000000.0,False,204.0,2156862.745098039,4.0,3.0,"Casa en  venta en bavaria, pereira"
https://www.fincaraiz.com.co/apartamento-en-venta-en-los-alamos-pereira/192540706,Los alamos,Apartamento,"Apartamento en Pereira, Risaralda",520000000.0,False,72.0,7222222.222222222,3.0,2.0,"Apartamento en venta en los alamos, pereira"
https://www.fincaraiz.com.co/apartamento-en-venta-en-pereira/193840404,Bosques de Santa Elena,Apartamento,"Apartamento en Pereira, Risaralda",620000000.0,False,85.0,7294117.647058823,3.0,2.0,Apartamento en venta en pereira
https://www.fincaraiz.com.co/apartamento-en-venta-en-el-poblado-ii-etapa-pereira/192085811,El poblado ii etapa,Apartamento,"Apartamento en Pereira, Risaralda",240000000.0,False,45.0,5333333.333333333,2.0,1.0,"Apartamento en  venta en el poblado ii etapa, pereira"
https://www.fincaraiz.com.co/casa-en-venta-en-pereira/193437795,Cerritos,Casa,"Casa en Pereira, Risaralda",2500000000.0,False,367.0,6811989.100817439,3.0,4.0,Casa en venta en pereira
https://www.fincaraiz.com.co/casa-campestre-en-venta-en-pereira/193055686,Cerritos,Casa Campestre,"Casa Campestre en Pereira, Risaralda",4900000000.0,False,1161.0,4220499.5693367785,5.0,5.0,Casa campestre en venta en pereira
https://www.fincaraiz.com.co/apartamento-en-venta-en-condina-pereira/194034129,Condina,Apartamento,"Apartamento en Pereira, Risaralda",270000000.0,False,59.0,4576271.186440678,3.0,2.0,"Apartamento en venta en condina, pereira"
https://www.fincaraiz.com.co/casa-campestre-en-venta-en-combia-pereira/193165929,Combia baja,Casa Campestre,"Casa Campestre en Pereira, Risaralda",1600000000.0,False,220.0,7272727.2727272725,5.0,5.0,"Casa campestre en venta en combia, pereira"
https://www.fincaraiz.com.co/apartamento-en-venta-en-pereira/193425863,Cambulos,Apartamento,"Apartamento en Pereira, Risaralda",2800000000.0,False,250.0,11200000.0,4.0,5.0,Apartamento en venta en pereira
https://www.fincaraiz.com.co/apartaestudio-en-venta-en-cerritos-pereira/193616842,Cerritos,Apartaestudio,"Apartaestudio en Pereira, Risaralda",409000000.0,False,60.0,6816666.666666667,1.0,1.0,"Apartaestudio en venta en cerritos, pereira"
https://www.fincaraiz.com.co/apartamento-en-venta-en-los-alamos-pereira/192262565,Los alamos,Apartamento,"Apartamento en Pereira, Risaralda",720000000.0,False,108.0,6666666.666666667,3.0,2.0,"Apartamento en venta en los alamos, pereira"
https://www.fincaraiz.com.co/apartamento-en-venta-en-maraya-pereira/194091152,Maraya,Apartamento,"Apartamento en Pereira, Risaralda",465000000.0,False,70.0,6642857.142857143,3.0,2.0,"Apartamento en venta en maraya, pereira"
https://www.fincaraiz.com.co/casa-en-venta-en-mirador-de-llano-grande-pereira/193307203,Combia  alta,Casa,"Casa en Pereira, Risaralda",285000000.0,False,70.0,4071428.5714285714,4.0,2.0,"Casa en venta en mirador de llano grande, pereira"
https://www.fincaraiz.com.co/finca-en-venta-en-la-florida-pereira/10520659,La florida,Finca,"Finca en Pereira, Risaralda",850000000.0,False,156.0,5448717.948717949,5.0,4.0,"Finca en venta en la florida, pereira"
https://www.fincaraiz.com.co/casa-campestre-en-venta-en-combia-baja-pereira/193760107,Combia baja,Casa Campestre,"Casa Campestre en Pereira, Risaralda",1500000000.0,False,2004.0,748502.994011976,3.0,4.0,"Casa campestre en venta en combia baja, pereira"
https://www.fincaraiz.com.co/casa-campestre-en-venta-en-cerritos-pereira/191490836,Cerritos,Casa Campestre,"Casa Campestre en Pereira, Risaralda",1600000000.0,False,570.0,2807017.543859649,3.0,3.0,"Casa campestre en  venta en cerritos, pereira"
https://www.fincaraiz.com.co/apartamento-en-venta-en-centro-pereira/193304292,San jorge,Apartamento,"Apartamento en Pereira, Risaralda",350000000.0,False,115.0,3043478.2608695654,3.0,2.0,"Apartamento en venta en centro, pereira"
https://www.fincaraiz.com.co/apartamento-en-venta-en-condina-pereira/193812695,Condina,Apartamento,"Apartamento en Pereira, Risaralda",285000000.0,False,57.0,5000000.0,3.0,2.0,"Apartamento en venta en condina, pereira"
https://www.fincaraiz.com.co/casa-en-venta-en-combia-pereira/193829515,Combia,Casa,"Casa en Pereira, Risaralda",1650000000.0,False,450.0,3666666.6666666665,3.0,4.0,"Casa en venta en combia, pereira"
https://www.fincaraiz.com.co/apartamento-en-venta-en-el-poblado-ii-etapa-pereira/193312242,El dorado,Apartamento,"Apartamento en Pereira, Risaralda",210000000.0,False,50.0,4200000.0,2.0,1.0,"Apartamento en venta en el poblado ii etapa, pereira"
https://www.fincaraiz.com.co/apartamento-en-venta-en-pereira/193514988,El plumon alto,Apartamento,"Apartamento en Pereira, Risaralda",290000000.0,False,60.0,4833333.333333333,3.0,2.0,Apartamento en venta en pereira
https://www.fincaraiz.com.co/finca-en-venta-en-pereira/193698470,Arabia,Finca,"Finca en Pereira, Risaralda",1500000000.0,False,850.0,1764705.8823529412,6.0,5.0,Finca en venta en pereira
https://www.fincaraiz.com.co/casa-campestre-en-venta-en-cerritos-pereira/193507491,Cerritos,Casa Campestre,"Casa Campestre en Pereira, Risaralda",1600000000.0,False,290.0,5517241.379310345,3.0,3.0,"Casa campestre en venta en cerritos, pereira"
https://www.fincaraiz.com.co/apartamento-en-venta-en-los-alamos-pereira/193485316,Los alamos,Apartamento,"Apartamento en Pereira, Risaralda",550000000.0,False,70.0,7857142.857142857,3.0,2.0,"Apartamento en venta en los alamos, pereira"
https://www.fincaraiz.com.co/casa-en-venta-en-corocito-pereira/7666203,La julia,Casa,"Casa en Pereira, Risaralda",700000000.0,False,420.0,1666666.6666666667,6.0,3.0,"Casa en venta en corocito, pereira"
https://www.fincaraiz.com.co/apartamento-en-venta-en-cerritos-pereira/193904127,Cerritos,Apartamento,"Apartamento en Pereira, Risaralda",700000000.0,False,101.0,6930693.0693069305,3.0,2.0,"Apartamento en venta en cerritos, pereira"
https://www.fincaraiz.com.co/apartamento-en-venta-en-galicia-pereira/193630874,Galicia,Apartamento,"Apartamento en Pereira, Risaralda",450000000.0,False,70.0,6428571.428571428,3.0,2.0,"Apartamento en venta en galicia, pereira"
https://www.fincaraiz.com.co/apartamento-en-venta-en-centenario-pereira/193142806,Centenario,Apartamento,"Apartamento en Pereira, Risaralda",380000000.0,False,88.0,4318181.818181818,3.0,2.0,"Apartamento en venta en centenario, pereira"
https://www.fincaraiz.com.co/apartamento-en-venta-en-cerritos-pereira/11028732,Cerritos,Apartamento,"Apartamento en Pereira, Risaralda",600000000.0,False,75.0,8000000.0,2.0,2.0,"Apartamento en venta en cerritos, pereira"
https://www.fincaraiz.com.co/casa-en-venta-en-pereira/192320164,El plumon,Casa,"Casa en Pereira, Risaralda",1100000000.0,False,1110.0,990990.990990991,0.0,10.0,Casa en venta en pereira
https://www.fincaraiz.com.co/apartamento-en-venta-en-san-jose-sur-pereira/192940348,San jose sur,Apartamento,"Apartamento en Pereira, Risaralda",380000000.0,False,110.0,3454545.4545454546,3.0,2.0,"Apartamento en venta en san jose sur, pereira"
https://www.fincaraiz.com.co/casa-en-venta-en-el-acuario-pereira/193796163,El acuario,Casa,"Casa en Pereira, Risaralda",520000000.0,False,126.0,4126984.126984127,3.0,2.0,"Casa en venta en el acuario, pereira"
https://www.fincaraiz.com.co/casa-en-venta-en-pinares-pereira/193480867,Cambulos,Casa,"Casa en Pereira, Risaralda",1300000000.0,False,240.0,5416666.666666667,4.0,5.0,"Casa en venta en pinares, pereira"
https://www.fincaraiz.com.co/casa-en-venta-en-condina-pereira/193521839,Morelia,Casa,"Casa en Pereira, Risaralda",497000000.0,False,96.0,5177083.333333333,4.0,3.0,"Casa en venta en condina, pereira"
https://www.fincaraiz.com.co/apartamento-en-venta-en-pinares-pereira/193112818,Cambulos,Apartamento,"Apartamento en Pereira, Risaralda",350000000.0,False,94.0,3723404.255319149,3.0,3.0,"Apartamento en venta en pinares, pereira"
https://www.fincaraiz.com.co/apartamento-en-venta-en-el-plumon-alto-pereira/193209001,Cañaveral i,Apartamento,"Apartamento en Pereira, Risaralda",260000000.0,False,48.0,5416666.666666667,2.0,2.0,"Apartamento en venta en el plumon alto, pereira"
https://www.fincaraiz.com.co/casa-campestre-en-venta-en-pereira/193879480,Cerritos,Casa Campestre,"Casa Campestre en Pereira, Risaralda",1800000000.0,False,350.0,5142857.142857143,4.0,5.0,Casa campestre en venta en pereira
https://www.fincaraiz.com.co/apartamento-en-venta-en-cerritos-pereira/194186208,Cerritos,Apartamento,"Apartamento en Pereira, Risaralda",415000000.0,False,71.0,5845070.422535211,3.0,3.0,"Apartamento en venta en cerritos, pereira"
https://www.fincaraiz.com.co/casa-en-venta-en-cerritos-pereira/191516333,Cerritos,Casa,"Casa en Pereira, Risaralda",2200000000.0,False,1000.0,2200000.0,8.0,8.0,"Casa en  venta en cerritos, pereira"
https://www.fincaraiz.com.co/casa-en-venta-en-pereira/192648133,Bosques de Santa Elena,Casa,"Casa en Pereira, Risaralda",580000000.0,False,133.0,4360902.255639098,4.0,3.0,Casa en venta en pereira
https://www.fincaraiz.com.co/casa-en-venta-en-altagracia-pereira/193831766,Altagracia,Casa,"Casa en Pereira, Risaralda",400000000.0,False,208.0,1923076.923076923,3.0,3.0,"Casa en venta en altagracia, pereira"
https://www.fincaraiz.com.co/finca-en-venta-en-pereira/193841405,Cerritos,Finca,"Finca en Pereira, Risaralda",1800000000.0,False,36736.0,48998.25783972126,4.0,3.0,Finca en venta en pereira
https://www.fincaraiz.com.co/apartamento-en-venta-en-cerritos-pereira/194091398,Cerritos,Apartamento,"Apartamento en Pereira, Risaralda",700000000.0,False,102.0,6862745.098039215,2.0,3.0,"Apartamento en venta en cerritos, pereira"
https://www.fincaraiz.com.co/apartamento-en-venta-en-pinares-alto-pereira/193409742,Pinares alto,Apartamento,"Apartamento en Pereira, Risaralda",1200000000.0,False,166.0,7228915.662650603,3.0,3.0,"Apartamento en venta en pinares alto, pereira"
https://www.fincaraiz.com.co/apartamento-en-venta-en-cerritos-pereira/193745675,Cerritos,Apartamento,"Apartamento en Pereira, Risaralda",840000000.0,False,96.0,8750000.0,2.0,2.0,"Apartamento en venta en cerritos, pereira"
https://www.fincaraiz.com.co/apartamento-en-venta-en-condina-pereira/192813875,Ciudadela salamanca,Apartamento,"Apartamento en Pereira, Risaralda",300000000.0,False,53.0,5660377.358490566,3.0,2.0,"Apartamento en venta en condina, pereira"
https://www.fincaraiz.com.co/apartamento-en-venta-en-la-julia-pereira/191369374,La julia,Apartamento,"Apartamento en Pereira, Risaralda",750000000.0,False,146.0,5136986.301369863,3.0,3.0,"Apartamento en venta en la julia, pereira"
https://www.fincaraiz.com.co/apartamento-en-venta-en-condina-pereira/193130530,Condina,Apartamento,"Apartamento en Pereira, Risaralda",310000000.0,False,62.0,5000000.0,2.0,2.0,"Apartamento en venta en condina, pereira"
https://www.fincaraiz.com.co/casa-campestre-en-venta-en-combia-baja-pereira/193229006,Combia baja,Casa Campestre,"Casa Campestre en Pereira, Risaralda",1500000000.0,False,1712.0,876168.2242990654,10.0,7.0,"Casa campestre en venta en combia baja, pereira"
https://www.fincaraiz.com.co/casa-en-venta-en-san-fernando-pereira/193309275,San fernando,Casa,"Casa en Pereira, Risaralda",480000000.0,False,230.0,2086956.5217391304,5.0,2.0,"Casa en venta en san fernando, pereira"
https://www.fincaraiz.com.co/apartamento-en-venta-en-circunvalar-alamos-pereira/193329912,Los rosales,Apartamento,"Apartamento en Pereira, Risaralda",470000000.0,False,77.0,6103896.103896104,3.0,2.0,"Apartamento en venta en circunvalar - alamos, pereira"
https://www.fincaraiz.com.co/apartamento-en-venta-en-cuba-pereira/194227619,Ciudadela comfamiliar,Apartamento,"Apartamento en Pereira, Risaralda",350000000.0,False,62.0,5645161.29032258,3.0,2.0,"Apartamento en venta en cuba, pereira"
https://www.fincaraiz.com.co/apartamento-en-venta-en-condina-pereira/193634045,Morelia,Apartamento,"Apartamento en Pereira, Risaralda",270000000.0,False,60.0,4500000.0,3.0,2.0,"Apartamento en venta en condina, pereira"
https://www.fincaraiz.com.co/casa-campestre-en-venta-en-combia-pereira/193303000,Combia,Casa Campestre,"Casa Campestre en Pereira, Risaralda",1100000000.0,False,350.0,3142857.1428571427,5.0,4.0,"Casa campestre en venta en combia, pereira"
https://www.fincaraiz.com.co/casa-campestre-en-venta-en-combia-pereira/193820273,Combia,Casa Campestre,"Casa Campestre en Pereira, Risaralda",1300000000.0,False,335.0,3880597.0149253733,4.0,4.0,"Casa campestre en venta en combia, pereira"
https://www.fincaraiz.com.co/apartamento-en-venta-en-centro-pereira/192592139,Mejia robledo,Apartamento,"Apartamento en Pereira, Risaralda",450000000.0,False,97.0,4639175.257731959,2.0,2.0,"Apartamento en venta en centro, pereira"
https://www.fincaraiz.com.co/bodega-en-venta-en-los-angeles-pereira/192599636,Los angeles,Bodega,"Bodega en Pereira, Risaralda",6600000000.0,False,1903.0,3468208.092485549,2.0,9.0,"Bodega en venta en los angeles, pereira"
https://www.fincaraiz.com.co/apartamento-en-venta-en-los-alpes-pereira/192386633,Los alpes,Apartamento,"Apartamento en Pereira, Risaralda",450000000.0,False,141.0,3191489.361702128,0.0,3.0,"Apartamento en venta en los alpes, pereira"
https://www.fincaraiz.com.co/apartamento-en-venta-en-pereira/193310332,Gamma,Apartamento,"Apartamento en Pereira, Risaralda",450000000.0,False,70.0,6428571.428571428,3.0,2.0,Apartamento en venta en pereira
https://www.fincaraiz.com.co/casa-en-venta-en-pereira/192063538,Samaria ii etapa,Casa,"Casa en Pereira, Risaralda",580000000.0,False,54.0,10740740.74074074,6.0,5.0,Casa en  venta en pereira
https://www.fincaraiz.com.co/casa-en-venta-en-pueblito-cafetero-pereira/193904661,Morelia,Casa,"Casa en Pereira, Risaralda",2300000000.0,False,2300.0,1000000.0,4.0,5.0,"Casa en venta en pueblito cafetero, pereira"
https://www.fincaraiz.com.co/apartaestudio-en-venta-en-pinares-pereira/193312460,Pinares,Apartaestudio,"Apartaestudio en Pereira, Risaralda",280000000.0,False,51.0,5490196.0784313725,1.0,1.0,"Apartaestudio en venta en pinares, pereira"
https://www.fincaraiz.com.co/apartamento-en-venta-en-el-dorado-pereira/193922703,El dorado,Apartamento,"Apartamento en Pereira, Risaralda",420000000.0,False,74.0,5675675.675675675,3.0,2.0,"Apartamento en venta en el dorado, pereira"
https://www.fincaraiz.com.co/casa-campestre-en-venta-en-cerritos-pereira/191914286,Cerritos,Casa Campestre,"Casa Campestre en Pereira, Risaralda",1600000000.0,False,532.0,3007518.796992481,11.0,6.0,"Casa campestre en venta en cerritos, pereira"
https://www.fincaraiz.com.co/apartamento-en-venta-en-olaya-herrera-pereira/193301901,Olaya herrera,Apartamento,"Apartamento en Pereira, Risaralda",430000000.0,False,130.0,3307692.3076923075,3.0,2.0,"Apartamento en venta en olaya herrera, pereira"
https://www.fincaraiz.com.co/casa-campestre-en-venta-en-cerritos-pereira/193292427,Cerritos,Casa Campestre,"Casa Campestre en Pereira, Risaralda",1600000000.0,False,600.0,2666666.6666666665,5.0,7.0,"Casa campestre en venta en cerritos, pereira"
https://www.fincaraiz.com.co/apartamento-en-venta-en-el-poblado-ii-etapa-pereira/193311073,El poblado ii etapa,Apartamento,"Apartamento en Pereira, Risaralda",420000000.0,False,74.0,5675675.675675675,3.0,2.0,"Apartamento en venta en el poblado ii etapa, pereira"
https://www.fincaraiz.com.co/apartaestudio-en-venta-en-avenida-30-de-agosto-pereira/193901434,Avenida 30 de agosto,Apartaestudio,"Apartaestudio en Pereira, Risaralda",370000000.0,False,32.0,11562500.0,1.0,1.0,"Apartaestudio en venta en avenida 30 de agosto, pereira"
https://www.fincaraiz.com.co/edificio-en-venta-en-centro-pereira/6122689,Centro,Edificio,"Edificio en Pereira, Risaralda",1300000000.0,False,380.0,3421052.6315789474,1.0,10.0,"Edificio en venta en centro, pereira"
https://www.fincaraiz.com.co/apartamento-en-venta-en-cerritos-pereira/193313366,Cerritos,Apartamento,"Apartamento en Pereira, Risaralda",950000000.0,False,126.0,7539682.53968254,3.0,3.0,"Apartamento en venta en cerritos, pereira"
https://www.fincaraiz.com.co/apartamento-en-venta-en-los-alpes-pereira/193302656,Los alpes,Apartamento,"Apartamento en Pereira, Risaralda",680000000.0,False,116.0,5862068.9655172415,3.0,2.0,"Apartamento en venta en los alpes, pereira"
https://www.fincaraiz.com.co/casa-en-venta-en-pereira/193841486,Cerritos,Casa,"Casa en Pereira, Risaralda",2300000000.0,False,500.0,4600000.0,6.0,6.0,Casa en venta en pereira
https://www.fincaraiz.com.co/apartamento-en-venta-en-centro-pereira/193300967,Sector plaza de bolivar,Apartamento,"Apartamento en Pereira, Risaralda",600000000.0,False,120.0,5000000.0,3.0,2.0,"Apartamento en venta en centro, pereira"
https://www.fincaraiz.com.co/casa-en-venta-en-la-florida-pereira/193311677,La florida,Casa,"Casa en Pereira, Risaralda",1000000000.0,False,109.0,9174311.926605504,0.0,2.0,"Casa en venta en la florida, pereira"
https://www.fincaraiz.com.co/casa-en-venta-en-combia-pereira/193840415,Combia,Casa,"Casa en Pereira, Risaralda",1300000000.0,False,220.0,5909090.909090909,3.0,3.0,"Casa en venta en combia, pereira"
https://www.fincaraiz.com.co/apartamento-en-venta-en-condina-pereira/194201571,Morelia,Apartamento,"Apartamento en Pereira, Risaralda",260000000.0,False,54.0,4814814.814814814,3.0,1.0,"Apartamento en venta en condina, pereira"
https://www.fincaraiz.com.co/casa-en-venta-en-porvenir-pereira/193304482,Porvenir,Casa,"Casa en Pereira, Risaralda",600000000.0,False,135.0,4444444.444444444,6.0,2.0,"Casa en venta en porvenir, pereira"
https://www.fincaraiz.com.co/apartamento-en-venta-en-ciudad-jardin-pereira/193402793,La florida boston,Apartamento,"Apartamento en Pereira, Risaralda",390000000.0,False,81.0,4814814.814814814,3.0,2.0,"Apartamento en venta en ciudad jardin, pereira"
https://www.fincaraiz.com.co/apartamento-en-venta-en-pinares-pereira/193583062,Cambulos,Apartamento,"Apartamento en Pereira, Risaralda",1634000000.0,False,172.0,9500000.0,3.0,5.0,"Apartamento en venta en pinares, pereira"
https://www.fincaraiz.com.co/apartamento-en-venta-en-pinares-pereira/193484133,Mejia robledo,Apartamento,"Apartamento en Pereira, Risaralda",550000000.0,False,75.0,7333333.333333333,2.0,2.0,"Apartamento en venta en pinares, pereira"
https://www.fincaraiz.com.co/casa-campestre-en-venta-en-combia-pereira/192778627,Combia,Casa Campestre,"Casa Campestre en Pereira, Risaralda",1500000000.0,False,240.0,6250000.0,3.0,3.0,"Casa campestre en venta en combia, pereira"
https://www.fincaraiz.com.co/apartamento-en-venta-en-galicia-pereira/193649724,Galicia,Apartamento,"Apartamento en Pereira, Risaralda",420000000.0,False,67.0,6268656.7164179105,3.0,2.0,"Apartamento en venta en galicia, pereira"
https://www.fincaraiz.com.co/apartamento-en-venta-en-circunvalar-alamos-pereira/194004770,La julia,Apartamento,"Apartamento en Pereira, Risaralda",550000000.0,False,136.0,4044117.6470588236,3.0,2.0,"Apartamento en venta en circunvalar - alamos, pereira"
https://www.fincaraiz.com.co/edificio-en-venta-en-san-fernando-pereira/193949422,San fernando,Edificio,"Edificio en Pereira, Risaralda",460000000.0,False,130.0,3538461.5384615385,3.0,3.0,"Edificio en venta en san fernando, pereira"
https://www.fincaraiz.com.co/casa-en-venta-en-san-fernando-pereira/193835197,San fernando,Casa,"Casa en Pereira, Risaralda",330000000.0,False,161.0,2049689.440993789,6.0,5.0,"Casa en venta en san fernando, pereira"
https://www.fincaraiz.com.co/apartamento-en-venta-en-cerritos-pereira/192681675,Cerritos,Apartamento,"Apartamento en Pereira, Risaralda",650000000.0,False,80.0,8125000.0,2.0,3.0,"Apartamento en venta en cerritos, pereira"
https://www.fincaraiz.com.co/consultorio-en-venta-en-circunvalar-alamos-pereira/193309356,San jose sur,Consultorio,"Consultorio en Pereira, Risaralda",245000000.0,False,35.0,7000000.0,1.0,1.0,"Consultorio en venta en circunvalar - alamos, pereira"
https://www.fincaraiz.com.co/casa-en-venta-en-centro-pereira/194073876,Sector plaza de bolivar,Casa,"Casa en Pereira, Risaralda",690000000.0,False,260.0,2653846.153846154,8.0,3.0,"Casa en venta en centro, pereira"
https://www.fincaraiz.com.co/finca-en-venta-en-pereira/193911333,San jose sur,Finca,"Finca en Pereira, Risaralda",1680000000.0,False,45.0,37333333.333333336,6.0,5.0,Finca en venta en pereira
https://www.fincaraiz.com.co/casa-campestre-en-venta-en-cerritos-pereira/193543902,Cerritos,Casa Campestre,"Casa Campestre en Pereira, Risaralda",2500000000.0,False,1900.0,1315789.4736842106,4.0,7.0,"Casa campestre en venta en cerritos, pereira"
https://www.fincaraiz.com.co/casa-campestre-en-venta-en-el-jordan-pereira/193289625,El Jordan,Casa Campestre,"Casa Campestre en Pereira, Risaralda",1900000000.0,False,520.0,3653846.153846154,4.0,5.0,"Casa campestre en venta en el jordan, pereira"
https://www.fincaraiz.com.co/casa-en-venta-en-pereira/193829526,Combia baja,Casa,"Casa en Pereira, Risaralda",1800000000.0,False,435.0,4137931.0344827585,4.0,5.0,Casa en venta en pereira
https://www.fincaraiz.com.co/apartamento-en-venta-en-pereira/193921878,Jardines del nogal,Apartamento,"Apartamento en Pereira, Risaralda",370000000.0,False,61.0,6065573.770491803,2.0,2.0,Apartamento en venta en pereira
https://www.fincaraiz.com.co/apartaestudio-en-venta-en-pinares-pereira/193800321,Cambulos,Apartaestudio,"Apartaestudio en Pereira, Risaralda",400000000.0,False,56.0,7142857.142857143,1.0,1.0,"Apartaestudio en venta en pinares, pereira"
https://www.fincaraiz.com.co/apartamento-en-venta-en-avenida-30-de-agosto-pereira/193388691,Avenida 30 de agosto,Apartamento,"Apartamento en Pereira, Risaralda",330000000.0,False,72.0,4583333.333333333,3.0,2.0,"Apartamento en venta en avenida 30 de agosto, pereira"
https://www.fincaraiz.com.co/apartamento-en-venta-en-pinares-pereira/193069578,Cambulos,Apartamento,"Apartamento en Pereira, Risaralda",1300000000.0,False,217.0,5990783.4101382485,4.0,5.0,"Apartamento en venta en pinares, pereira"
https://www.fincaraiz.com.co/casa-en-venta-en-mercasa-pereira/193675688,Mercasa,Casa,"Casa en Pereira, Risaralda",700000000.0,False,154.0,4545454.545454546,4.0,4.0,"Casa en venta en mercasa, pereira"
https://www.fincaraiz.com.co/apartamento-en-venta-en-pereira/192321713,El triunfo,Apartamento,"Apartamento en Pereira, Risaralda",500000000.0,False,75.0,6666666.666666667,2.0,2.0,Apartamento en venta en pereira
https://www.fincaraiz.com.co/casa-campestre-en-venta-en-cerritos-pereira/193161161,Cerritos,Casa Campestre,"Casa Campestre en Pereira, Risaralda",1800000000.0,False,320.0,5625000.0,5.0,5.0,"Casa campestre en venta en cerritos, pereira"
https://www.fincaraiz.com.co/apartamento-en-venta-en-providencia/192986233,Centenario,Apartamento,"Apartamento en Pereira, Risaralda",360000000.0,False,67.0,5373134.328358209,3.0,2.0,Apartamento en venta en providencia
https://www.fincaraiz.com.co/apartamento-en-venta-en-cerritos-pereira/192931956,Cerritos,Apartamento,"Apartamento en Pereira, Risaralda",535000000.0,False,77.0,6948051.948051948,2.0,2.0,"Apartamento en venta en cerritos, pereira"
https://www.fincaraiz.com.co/apartamento-en-venta-en-centro-pereira/192916042,Sector plaza de bolivar,Apartamento,"Apartamento en Pereira, Risaralda",650000000.0,False,130.0,5000000.0,3.0,3.0,"Apartamento en venta en centro, pereira"
https://www.fincaraiz.com.co/casa-en-venta-en-la-pradera-pereira/192320477,La pradera,Casa,"Casa en Pereira, Risaralda",650000000.0,False,200.0,3250000.0,3.0,3.0,"Casa en venta en la pradera, pereira"
https://www.fincaraiz.com.co/finca-en-venta-en-la-florida-pereira/193414518,La florida,Finca,"Finca en Pereira, Risaralda",1600000000.0,False,330.0,4848484.848484849,1.0,1.0,"Finca en venta en la florida, pereira"
https://www.fincaraiz.com.co/casa-en-venta-en-centro-pereira/192320628,Sector 30 de agosto,Casa,"Casa en Pereira, Risaralda",580000000.0,False,162.0,3580246.9135802467,3.0,2.0,"Casa en venta en centro, pereira"
https://www.fincaraiz.com.co/apartamento-en-venta-en-cerritos-pereira/193070470,Cerritos,Apartamento,"Apartamento en Pereira, Risaralda",490000000.0,False,68.0,7205882.352941177,1.0,1.0,"Apartamento en venta en cerritos, pereira"
https://www.fincaraiz.com.co/apartamento-en-venta-en-villa-verde-pereira/193506403,Villa verde,Apartamento,"Apartamento en Pereira, Risaralda",250000000.0,False,49.0,5102040.816326531,3.0,1.0,"Apartamento en venta en villa verde, pereira"
https://www.fincaraiz.com.co/apartamento-en-venta-en-villa-verde-pereira/193920628,Tribunas corcega,Apartamento,"Apartamento en Pereira, Risaralda",320000000.0,False,47.0,6808510.638297873,3.0,2.0,"Apartamento en venta en villa verde, pereira"
https://www.fincaraiz.com.co/bodega-en-venta-en-centro-pereira/7188512,Sector lago uribe,Bodega,"Bodega en Pereira, Risaralda",1200000000.0,False,600.0,2000000.0,1.0,1.0,"Bodega en venta en centro, pereira"
https://www.fincaraiz.com.co/apartaestudio-en-venta-en-la-castellana-pereira/194013584,Bosques de Santa Elena,Apartaestudio,"Apartaestudio en Pereira, Risaralda",205000000.0,False,36.0,5694444.444444444,1.0,1.0,"Apartaestudio en venta en la castellana, pereira"
https://www.fincaraiz.com.co/finca-en-venta-en-pereira/192655943,Tribunas corcega,Finca,"Finca en Pereira, Risaralda",1300000000.0,False,44800.0,29017.85714285714,10.0,8.0,Finca en venta en pereira
https://www.fincaraiz.com.co/apartamento-en-venta-en-la-romelia-pereira/193836212,La romelia,Apartamento,"Apartamento en Pereira, Risaralda",210000000.0,False,50.0,4200000.0,2.0,2.0,"Apartamento en venta en la romelia, pereira"
https://www.fincaraiz.com.co/apartamento-en-venta-en-pereira/193836665,El dorado,Apartamento,"Apartamento en Pereira, Risaralda",280000000.0,False,63.0,4444444.444444444,3.0,2.0,Apartamento en venta en pereira
https://www.fincaraiz.com.co/casa-campestre-en-venta-en-cerritos-pereira/193658689,Cerritos,Casa Campestre,"Casa Campestre en Pereira, Risaralda",1750000000.0,False,275.0,6363636.363636363,4.0,4.0,"Casa campestre en venta en cerritos, pereira"
https://www.fincaraiz.com.co/apartaestudio-en-venta-en-san-jose-sur-pereira/191059293,San jose sur,Apartaestudio,"Apartaestudio en Pereira, Risaralda",205000000.0,False,30.0,6833333.333333333,1.0,1.0,"Apartaestudio en  venta en san jose sur, pereira"
https://www.fincaraiz.com.co/casa-en-venta-en-pinares-pereira/193726106,La julita,Casa,"Casa en Pereira, Risaralda",1650000000.0,False,285.0,5789473.684210527,3.0,3.0,"Casa en venta en pinares, pereira"
https://www.fincaraiz.com.co/casa-en-venta-en-los-corales-pereira/194030541,Los corales,Casa,"Casa en Pereira, Risaralda",550000000.0,False,87.0,6321839.08045977,3.0,2.0,"Casa en venta en los corales, pereira"
https://www.fincaraiz.com.co/apartamento-en-venta-en-circunvalar-alamos-pereira/193923360,Cambulos,Apartamento,"Apartamento en Pereira, Risaralda",570000000.0,False,125.0,4560000.0,3.0,2.0,"Apartamento en venta en circunvalar - alamos, pereira"
https://www.fincaraiz.com.co/apartamento-en-venta-en-pinares-pereira/191466776,La julita,Apartamento,"Apartamento en Pereira, Risaralda",660000000.0,False,143.0,4615384.615384615,3.0,3.0,"Apartamento en  venta en pinares, pereira"
https://www.fincaraiz.com.co/casa-en-venta-en-pereira/193312032,Combia  alta,Casa,"Casa en Pereira, Risaralda",600000000.0,False,99.0,6060606.060606061,3.0,2.0,Casa en venta en pereira
https://www.fincaraiz.com.co/apartamento-en-venta-en-centro-pereira/192775948,San jose sur,Apartamento,"Apartamento en Pereira, Risaralda",900000000.0,False,279.0,3225806.4516129033,4.0,5.0,"Apartamento en venta en centro, pereira"
https://www.fincaraiz.com.co/casa-en-venta-en-el-poblado-ii-etapa-pereira/193989253,Barajas,Casa,"Casa en Pereira, Risaralda",345000000.0,False,100.0,3450000.0,3.0,3.0,"Casa en venta en el poblado ii etapa, pereira"
https://www.fincaraiz.com.co/apartamento-en-venta-en-pinares-pereira/10368300,Mejia robledo,Apartamento,"Apartamento en Pereira, Risaralda",630000000.0,False,95.0,6631578.947368421,3.0,2.0,"Apartamento en venta en pinares, pereira"
https://www.fincaraiz.com.co/casa-campestre-en-venta-en-condina-pereira/193942459,Condina,Casa Campestre,"Casa Campestre en Pereira, Risaralda",1500000000.0,False,1921.0,780843.3107756377,10.0,7.0,"Casa campestre en venta en condina, pereira"
https://www.fincaraiz.com.co/casa-campestre-en-venta-en-pueblito-cafetero-pereira/193285573,Morelia,Casa Campestre,"Casa Campestre en Pereira, Risaralda",1100000000.0,False,950.0,1157894.7368421052,4.0,3.0,"Casa campestre en venta en pueblito cafetero, pereira"
https://www.fincaraiz.com.co/casa-campestre-en-venta-en-combia-pereira/193311867,Combia,Casa Campestre,"Casa Campestre en Pereira, Risaralda",1350000000.0,False,300.0,4500000.0,3.0,2.0,"Casa campestre en venta en combia, pereira"
https://www.fincaraiz.com.co/casa-campestre-en-venta-en-pereira/191786177,Tribunas corcega,Casa Campestre,"Casa Campestre en Pereira, Risaralda",1300000000.0,False,252.0,5158730.158730159,5.0,5.0,Casa campestre en venta en pereira
https://www.fincaraiz.com.co/apartamento-en-venta-en-pereira/194030362,Aeropuerto,Apartamento,"Apartamento en Pereira, Risaralda",490000000.0,False,74.0,6621621.621621622,3.0,2.0,Apartamento en venta en pereira
https://www.fincaraiz.com.co/casa-en-venta-en-los-corales-pereira/193334495,Los corales,Casa,"Casa en Pereira, Risaralda",460000000.0,False,98.0,4693877.551020408,4.0,3.0,"Casa en venta en los corales, pereira"
https://www.fincaraiz.com.co/apartamento-en-venta-en-centro-pereira/192321492,Los alcazares,Apartamento,"Apartamento en Pereira, Risaralda",580000000.0,False,108.0,5370370.37037037,5.0,5.0,"Apartamento en venta en centro, pereira"
https://www.fincaraiz.com.co/casa-campestre-en-venta-en-cerritos-pereira/193363535,Cerritos,Casa Campestre,"Casa Campestre en Pereira, Risaralda",5000000000.0,False,401.0,12468827.930174563,4.0,4.0,"Casa campestre en venta en cerritos, pereira"
https://www.fincaraiz.com.co/casa-en-venta-en-belmonte-alto-pereira/192604672,Belmonte alto,Casa,"Casa en Pereira, Risaralda",470000000.0,False,129.0,3643410.8527131784,3.0,3.0,"Casa en venta en belmonte alto, pereira"
https://www.fincaraiz.com.co/apartamento-en-venta-en-el-poblado-ii-etapa-pereira/193295033,El poblado ii etapa,Apartamento,"Apartamento en Pereira, Risaralda",250000000.0,False,48.0,5208333.333333333,2.0,1.0,"Apartamento en venta en el poblado ii etapa, pereira"
https://www.fincaraiz.com.co/apartaestudio-en-venta-en-palmas-de-belmonte-pereira/193493344,Catalan,Apartaestudio,"Apartaestudio en Pereira, Risaralda",430000000.0,False,47.0,9148936.170212766,1.0,1.0,"Apartaestudio en venta en palmas de belmonte, pereira"
https://www.fincaraiz.com.co/apartamento-en-venta-en-el-poblado-ii-etapa-pereira/192555736,El poblado ii etapa,Apartamento,"Apartamento en Pereira, Risaralda",235000000.0,False,45.0,5222222.222222222,2.0,1.0,"Apartamento en venta en el poblado ii etapa, pereira"
https://www.fincaraiz.com.co/apartamento-en-venta-en-avenida-sur-pereira/7665361,Avenida Sur,Apartamento,"Apartamento en Pereira, Risaralda",430000000.0,False,70.0,6142857.142857143,3.0,2.0,"Apartamento en venta en avenida sur, pereira"
https://www.fincaraiz.com.co/casa-campestre-en-venta-en-morelia-pereira/193654651,Morelia,Casa Campestre,"Casa Campestre en Pereira, Risaralda",620000000.0,False,1600.0,387500.0,3.0,2.0,"Casa campestre en venta en morelia, pereira"
https://www.fincaraiz.com.co/casa-campestre-en-venta-en-condina-pereira/192264592,Condina,Casa Campestre,"Casa Campestre en Pereira, Risaralda",1400000000.0,False,1500.0,933333.3333333334,3.0,4.0,"Casa campestre en venta en condina, pereira"
https://www.fincaraiz.com.co/casa-en-venta-en-galicia-pereira/193911990,Galicia,Casa,"Casa en Pereira, Risaralda",500000000.0,False,107.0,4672897.196261683,4.0,3.0,"Casa en venta en galicia, pereira"
https://www.fincaraiz.com.co/apartaestudio-en-venta-en-galicia-pereira/193311372,Galicia,Apartaestudio,"Apartaestudio en Pereira, Risaralda",300000000.0,False,40.0,7500000.0,1.0,1.0,"Apartaestudio en venta en galicia, pereira"
https://www.fincaraiz.com.co/apartamento-en-venta-en-los-alamos-pereira/193311990,Los alamos,Apartamento,"Apartamento en Pereira, Risaralda",440000000.0,False,69.0,6376811.594202898,2.0,2.0,"Apartamento en venta en los alamos, pereira"
https://www.fincaraiz.com.co/casa-campestre-en-venta-en-pereira/192386753,Condina,Casa Campestre,"Casa Campestre en Pereira, Risaralda",3100000000.0,False,500.0,6200000.0,4.0,5.0,Casa campestre en venta en pereira
https://www.fincaraiz.com.co/casa-campestre-en-venta-en-pereira/192864729,San jose,Casa Campestre,"Casa Campestre en Pereira, Risaralda",2200000000.0,False,506.0,4347826.0869565215,6.0,10.0,Casa campestre en venta en pereira
https://www.fincaraiz.com.co/apartamento-en-venta-en-condina-pereira/193959072,Santa juana de las villas,Apartamento,"Apartamento en Pereira, Risaralda",410000000.0,False,61.0,6721311.4754098365,2.0,2.0,"Apartamento en venta en condina, pereira"
https://www.fincaraiz.com.co/apartamento-en-venta-en-pereira/193309230,Villa rocio,Apartamento,"Apartamento en Pereira, Risaralda",185000000.0,False,42.0,4404761.904761905,3.0,1.0,Apartamento en venta en pereira
https://www.fincaraiz.com.co/apartamento-en-venta-en-pinares-pereira/193304177,Pinares,Apartamento,"Apartamento en Pereira, Risaralda",1200000000.0,False,165.0,7272727.2727272725,4.0,5.0,"Apartamento en venta en pinares, pereira"
https://www.fincaraiz.com.co/casa-en-venta-en-mejia-robledo-pereira/192995458,Mejia robledo,Casa,"Casa en Pereira, Risaralda",480000000.0,False,200.0,2400000.0,3.0,3.0,"Casa en venta en mejia robledo, pereira"
https://www.fincaraiz.com.co/finca-en-venta-en-pereira/193338119,Combia baja,Finca,"Finca en Pereira, Risaralda",650000000.0,False,200.0,3250000.0,4.0,2.0,Finca en venta en pereira
https://www.fincaraiz.com.co/apartamento-en-venta-en-los-alpes-pereira/193949131,Los alpes,Apartamento,"Apartamento en Pereira, Risaralda",730000000.0,False,61.0,11967213.114754098,1.0,1.0,"Apartamento en venta en los alpes, pereira"
https://www.fincaraiz.com.co/apartamento-en-venta-en-centro-pereira/192214571,Sector lago uribe,Apartamento,"Apartamento en Pereira, Risaralda",530000000.0,False,280.0,1892857.142857143,3.0,2.0,"Apartamento en  venta en centro, pereira"
https://www.fincaraiz.com.co/casa-en-venta-en-pueblito-cafetero-pereira/194253250,Morelia,Casa,"Casa en Pereira, Risaralda",600000000.0,False,132.0,4545454.545454546,4.0,3.0,"Casa en venta en pueblito cafetero, pereira"
https://www.fincaraiz.com.co/edificio-en-venta-en-centro-pereira/193311660,Sector plaza de bolivar,Edificio,"Edificio en Pereira, Risaralda",750000000.0,False,340.0,2205882.3529411764,6.0,4.0,"Edificio en venta en centro, pereira"
https://www.fincaraiz.com.co/casa-en-venta-en-galicia-pereira/193368546,Galicia,Casa,"Casa en Pereira, Risaralda",1176000000.0,False,168.0,7000000.0,3.0,4.0,"Casa en venta en galicia, pereira"
https://www.fincaraiz.com.co/apartamento-en-venta-en-cerritos-pereira/193764866,Cerritos,Apartamento,"Apartamento en Pereira, Risaralda",2100000000.0,False,231.0,9090909.090909092,4.0,5.0,"Apartamento en venta en cerritos, pereira"
https://www.fincaraiz.com.co/casa-en-venta-en-san-fernando-pereira/193314255,San fernando,Casa,"Casa en Pereira, Risaralda",320000000.0,False,144.0,2222222.222222222,9.0,5.0,"Casa en venta en san fernando, pereira"
https://www.fincaraiz.com.co/apartaestudio-en-venta-en-pereira/193303861,Obelisco de la villa,Apartaestudio,"Apartaestudio en Pereira, Risaralda",230000000.0,False,36.0,6388888.888888889,1.0,1.0,Apartaestudio en venta en pereira
https://www.fincaraiz.com.co/apartamento-en-venta-en-pinares-pereira/193422205,Cambulos,Apartamento,"Apartamento en Pereira, Risaralda",1400000000.0,False,232.0,6034482.75862069,4.0,4.0,"Apartamento en venta en pinares, pereira"
https://www.fincaraiz.com.co/apartamento-en-venta-en-pinares-alto-pereira/193481219,Pinares alto,Apartamento,"Apartamento en Pereira, Risaralda",930000000.0,False,99.0,9393939.393939395,3.0,3.0,"Apartamento en venta en pinares alto, pereira"
https://www.fincaraiz.com.co/apartamento-en-venta-en-la-villa-pereira/193801403,Multifamiliar la villa,Apartamento,"Apartamento en Pereira, Risaralda",560000000.0,False,178.0,3146067.415730337,3.0,3.0,"Apartamento en venta en la villa, pereira"
https://www.fincaraiz.com.co/apartamento-en-venta-en-pinares-pereira/193312113,Los angeles,Apartamento,"Apartamento en Pereira, Risaralda",570000000.0,False,74.0,7702702.702702703,2.0,2.0,"Apartamento en venta en pinares, pereira"
https://www.fincaraiz.com.co/apartaestudio-en-venta-en-pinares-pereira/192643144,Cambulos,Apartaestudio,"Apartaestudio en Pereira, Risaralda",350000000.0,False,55.0,6363636.363636363,1.0,1.0,"Apartaestudio en venta en pinares, pereira"
https://www.fincaraiz.com.co/casa-en-venta-en-pereira/192481823,Malaga,Casa,"Casa en Pereira, Risaralda",300000000.0,False,100.0,3000000.0,4.0,2.0,Casa en venta en pereira
https://www.fincaraiz.com.co/casa-campestre-en-venta-en-combia-pereira/193745437,Combia,Casa Campestre,"Casa Campestre en Pereira, Risaralda",1600000000.0,False,550.0,2909090.909090909,6.0,5.0,"Casa campestre en venta en combia, pereira"
https://www.fincaraiz.com.co/casa-en-venta-en-cerritos-pereira/193858275,Cerritos,Casa,"Casa en Pereira, Risaralda",1800000000.0,False,320.0,5625000.0,3.0,3.0,"Casa en venta en cerritos, pereira"
https://www.fincaraiz.com.co/local-en-venta-en-avenida-sur-pereira/192978912,Condina,Local Comercial,"Local Comercial en Pereira, Risaralda",2800000000.0,False,477.0,5870020.964360587,4.0,4.0,"Local en venta en avenida sur, pereira"
https://www.fincaraiz.com.co/apartamento-en-venta-en-los-alamos-pereira/193302460,Los alamos,Apartamento,"Apartamento en Pereira, Risaralda",600000000.0,False,138.0,4347826.0869565215,4.0,3.0,"Apartamento en venta en los alamos, pereira"
https://www.fincaraiz.com.co/casa-en-venta-en-gamma-pereira/194206593,Gamma,Casa,"Casa en Pereira, Risaralda",920000000.0,False,247.0,3724696.3562753038,9.0,6.0,"Casa en venta en gamma, pereira"
https://www.fincaraiz.com.co/casa-en-venta-en-maraya-pereira/192945725,Sector 30 de agosto ii etapa,Casa,"Casa en Pereira, Risaralda",850000000.0,False,230.0,3695652.1739130435,5.0,3.0,"Casa en venta en maraya, pereira"
https://www.fincaraiz.com.co/casa-en-venta-en-samaria-i-etapa-pereira/194055817,Samaria i etapa,Casa,"Casa en Pereira, Risaralda",295000000.0,False,156.0,1891025.641025641,3.0,2.0,"Casa en venta en samaria i etapa, pereira"
https://www.fincaraiz.com.co/casa-en-venta-en-la-florida-pereira/193301993,La florida,Casa,"Casa en Pereira, Risaralda",950000000.0,False,424.0,2240566.037735849,13.0,4.0,"Casa en venta en la florida, pereira"
https://www.fincaraiz.com.co/apartamento-en-venta-en-pinares-pereira/193560856,Pinares,Apartamento,"Apartamento en Pereira, Risaralda",2240000000.0,False,224.0,10000000.0,4.0,4.0,"Apartamento en venta en pinares, pereira"
https://www.fincaraiz.com.co/apartamento-en-venta-en-cerritos-pereira/192872019,Cerritos,Apartamento,"Apartamento en Pereira, Risaralda",1050000000.0,False,131.0,8015267.175572519,3.0,3.0,"Apartamento en venta en cerritos, pereira"
https://www.fincaraiz.com.co/apartamento-en-venta-en-pereira/193829509,C. comercial la 14,Apartamento,"Apartamento en Pereira, Risaralda",360000000.0,False,104.0,3461538.4615384615,4.0,3.0,Apartamento en venta en pereira
https://www.fincaraiz.com.co/apartamento-en-venta-en-pinares-pereira/192320941,Cambulos,Apartamento,"Apartamento en Pereira, Risaralda",670000000.0,False,134.0,5000000.0,3.0,3.0,"Apartamento en venta en pinares, pereira"
https://www.fincaraiz.com.co/apartamento-en-venta-en-pinares-pereira/193616355,Pinares,Apartamento,"Apartamento en Pereira, Risaralda",750000000.0,False,197.0,3807106.5989847714,5.0,4.0,"Apartamento en venta en pinares, pereira"
https://www.fincaraiz.com.co/apartamento-en-venta-en-cerritos-pereira/192864371,Cerritos,Apartamento,"Apartamento en Pereira, Risaralda",770000000.0,False,100.0,7700000.0,2.0,2.0,"Apartamento en venta en cerritos, pereira"
https://www.fincaraiz.com.co/apartamento-en-venta-en-circunvalar-alamos-pereira/194068490,La julia,Apartamento,"Apartamento en Pereira, Risaralda",450000000.0,False,68.0,6617647.05882353,2.0,2.0,"Apartamento en venta en circunvalar - alamos, pereira"
https://www.fincaraiz.com.co/apartamento-en-venta-en-los-alamos-pereira/192646164,Los angeles,Apartamento,"Apartamento en Pereira, Risaralda",700000000.0,False,160.0,4375000.0,3.0,2.0,"Apartamento en venta en los alamos, pereira"
https://www.fincaraiz.com.co/casa-campestre-en-venta-en-tribunas-corcega-pereira/192866801,Tribunas corcega,Casa Campestre,"Casa Campestre en Pereira, Risaralda",1550000000.0,False,500.0,3100000.0,4.0,6.0,"Casa campestre en venta en tribunas corcega, pereira"
https://www.fincaraiz.com.co/apartamento-en-venta-en-condina-pereira/194013595,Condina,Apartamento,"Apartamento en Pereira, Risaralda",280000000.0,False,50.0,5600000.0,3.0,2.0,"Apartamento en venta en condina, pereira"
https://www.fincaraiz.com.co/apartamento-en-venta-en-los-alamos-pereira/192086065,Los alamos,Apartamento,"Apartamento en Pereira, Risaralda",850000000.0,False,130.0,6538461.538461538,2.0,3.0,"Apartamento en venta en los alamos, pereira"
https://www.fincaraiz.com.co/apartamento-en-venta-en-cerritos-pereira/192320158,Cerritos,Apartamento,"Apartamento en Pereira, Risaralda",750000000.0,False,130.0,5769230.769230769,3.0,3.0,"Apartamento en venta en cerritos, pereira"
https://www.fincaraiz.com.co/casa-en-venta-en-cuba-pereira/193508844,Los prados,Casa,"Casa en Pereira, Risaralda",380000000.0,False,187.0,2032085.5614973262,6.0,3.0,"Casa en venta en cuba, pereira"
https://www.fincaraiz.com.co/casa-en-venta-en-primero-de-mayo-pereira/193638200,San camilo,Casa,"Casa en Pereira, Risaralda",370000000.0,False,90.0,4111111.111111111,4.0,1.0,"Casa en venta en primero de mayo, pereira"
https://www.fincaraiz.com.co/apartamento-en-venta-en-pereira/193313883,El dorado,Apartamento,"Apartamento en Pereira, Risaralda",265000000.0,False,62.0,4274193.548387097,3.0,2.0,Apartamento en venta en pereira
https://www.fincaraiz.com.co/apartamento-en-venta-en-condina-pereira/192850887,Condina,Apartamento,"Apartamento en Pereira, Risaralda",470000000.0,False,81.0,5802469.135802469,3.0,2.0,"Apartamento en venta en condina, pereira"
https://www.fincaraiz.com.co/casa-en-venta-en-pereira/193840493,Tribunas corcega,Casa,"Casa en Pereira, Risaralda",1100000000.0,False,250.0,4400000.0,3.0,3.0,Casa en venta en pereira
https://www.fincaraiz.com.co/casa-en-venta-en-belmonte-a-pereira/192758988,Belmonte a,Casa,"Casa en Pereira, Risaralda",420000000.0,False,160.0,2625000.0,3.0,2.0,"Casa en venta en belmonte a, pereira"
https://www.fincaraiz.com.co/apartamento-en-venta-en-cerritos-pereira/192321215,Cerritos,Apartamento,"Apartamento en Pereira, Risaralda",2400000000.0,False,240.0,10000000.0,4.0,5.0,"Apartamento en venta en cerritos, pereira"
https://www.fincaraiz.com.co/apartamento-en-venta-en-galicia-pereira/193019691,Galicia,Apartamento,"Apartamento en Pereira, Risaralda",520000000.0,False,78.0,6666666.666666667,3.0,2.0,"Apartamento en venta en galicia, pereira"
https://www.fincaraiz.com.co/casa-en-venta-en-bello-horizonte-pereira/193310052,Bello horizonte,Casa,"Casa en Pereira, Risaralda",700000000.0,False,190.0,3684210.5263157897,6.0,4.0,"Casa en venta en bello horizonte, pereira"
https://www.fincaraiz.com.co/apartamento-en-venta-en-pereira/193363560,El dorado,Apartamento,"Apartamento en Pereira, Risaralda",300000000.0,False,87.0,3448275.8620689656,3.0,1.0,Apartamento en venta en pereira
https://www.fincaraiz.com.co/local-en-venta-en-sector-plaza-de-bolivar-pereira/194054539,Sector plaza de bolivar,Local Comercial,"Local Comercial en Pereira, Risaralda",7500000000.0,False,352.0,21306818.181818184,3.0,3.0,"Local en venta en sector plaza de bolivar, pereira"
https://www.fincaraiz.com.co/casa-campestre-en-venta-en-san-jose-sur-pereira/193506688,San jose sur,Casa Campestre,"Casa Campestre en Pereira, Risaralda",850000000.0,False,2700.0,314814.81481481483,4.0,3.0,"Casa campestre en venta en san jose sur, pereira"
https://www.fincaraiz.com.co/casa-en-venta-en-pereira/193303008,Cerritos,Casa,"Casa en Pereira, Risaralda",3800000000.0,False,440.0,8636363.636363637,5.0,3.0,Casa en venta en pereira
https://www.fincaraiz.com.co/casa-en-venta-en-la-florida-pereira/192321352,La florida,Casa,"Casa en Pereira, Risaralda",1600000000.0,False,400.0,4000000.0,5.0,3.0,"Casa en venta en la florida, pereira"
https://www.fincaraiz.com.co/apartamento-en-venta-en-villa-verde-pereira/192602239,Tribunas corcega,Apartamento,"Apartamento en Pereira, Risaralda",235000000.0,False,49.0,4795918.367346939,2.0,1.0,"Apartamento en venta en villa verde, pereira"
https://www.fincaraiz.com.co/apartaestudio-en-venta-en-centro-pereira/192322121,Sector lago uribe,Apartaestudio,"Apartaestudio en Pereira, Risaralda",1500000000.0,False,180.0,8333333.333333333,0.0,10.0,"Apartaestudio en venta en centro, pereira"
https://www.fincaraiz.com.co/apartaestudio-en-venta-en-pinares-pereira/192832048,Cambulos,Apartaestudio,"Apartaestudio en Pereira, Risaralda",325000000.0,False,49.0,6632653.0612244895,1.0,1.0,"Apartaestudio en venta en pinares, pereira"
https://www.fincaraiz.com.co/apartamento-en-venta-en-pinares-pereira/192321805,Pinares,Apartamento,"Apartamento en Pereira, Risaralda",1100000000.0,False,164.0,6707317.073170732,4.0,5.0,"Apartamento en venta en pinares, pereira"
https://www.fincaraiz.com.co/casa-campestre-en-venta-en-tribunas-corcega-pereira/10465235,Tribunas corcega,Casa Campestre,"Casa Campestre en Pereira, Risaralda",1690000000.0,False,377.0,4482758.620689655,4.0,4.0,"Casa campestre en venta en tribunas corcega, pereira"
https://www.fincaraiz.com.co/apartamento-en-venta-en-pereira/193270274,San jose sur,Apartamento,"Apartamento en Pereira, Risaralda",250000000.0,False,50.0,5000000.0,2.0,1.0,Apartamento en venta en pereira
https://www.fincaraiz.com.co/apartamento-en-venta-en-el-dorado-pereira/194071798,El dorado,Apartamento,"Apartamento en Pereira, Risaralda",470000000.0,False,86.0,5465116.279069767,3.0,2.0,"Apartamento en venta en el dorado, pereira"
https://www.fincaraiz.com.co/casa-campestre-en-venta-en-pereira/10317823,Tribunas corcega,Casa Campestre,"Casa Campestre en Pereira, Risaralda",1850000000.0,False,313.0,5910543.130990415,4.0,6.0,Casa campestre en venta en pereira
https://www.fincaraiz.com.co/apartamento-en-venta-en-los-alpes-pereira/193363546,Los alpes,Apartamento,"Apartamento en Pereira, Risaralda",450000000.0,False,70.0,6428571.428571428,2.0,2.0,"Apartamento en venta en los alpes, pereira"
https://www.fincaraiz.com.co/casa-en-venta-en-pereira/193841522,Alfonso lopez,Casa,"Casa en Pereira, Risaralda",750000000.0,False,190.0,3947368.4210526315,5.0,4.0,Casa en venta en pereira
https://www.fincaraiz.com.co/apartamento-en-venta-en-pinares-pereira/193456653,Pinares,Apartamento,"Apartamento en Pereira, Risaralda",2003000000.0,False,172.0,11645348.837209303,3.0,4.0,"Apartamento en venta en pinares, pereira"
https://www.fincaraiz.com.co/apartamento-en-venta-en-mirador-de-llano-grande-pereira/192321791,Mirador de llano grande,Apartamento,"Apartamento en Pereira, Risaralda",185000000.0,False,45.0,4111111.111111111,3.0,2.0,"Apartamento en venta en mirador de llano grande, pereira"
https://www.fincaraiz.com.co/apartamento-en-venta-en-galicia-pereira/7256200,Cerritos,Apartamento,"Apartamento en Pereira, Risaralda",250000000.0,False,68.0,3676470.588235294,3.0,2.0,"Apartamento en venta en galicia, pereira"
https://www.fincaraiz.com.co/casa-campestre-en-venta-en-combia-pereira/193433105,Combia,Casa Campestre,"Casa Campestre en Pereira, Risaralda",2850000000.0,False,4260.0,669014.0845070423,5.0,5.0,"Casa campestre en venta en combia, pereira"
https://www.fincaraiz.com.co/casa-en-venta-en-sector-belmonte-pereira/192695332,El pizamo,Casa,"Casa en Pereira, Risaralda",420000000.0,False,128.0,3281250.0,3.0,3.0,"Casa en venta en sector belmonte, pereira"
https://www.fincaraiz.com.co/casa-en-venta-en-maraya-pereira/191516285,Sector 30 de agosto ii etapa,Casa,"Casa en Pereira, Risaralda",960000000.0,False,288.0,3333333.3333333335,3.0,2.0,"Casa en  venta en maraya, pereira"
https://www.fincaraiz.com.co/apartamento-en-venta-en-pereira/193310161,Ciudadela del cafe sector c,Apartamento,"Apartamento en Pereira, Risaralda",165000000.0,False,44.0,3750000.0,3.0,2.0,Apartamento en venta en pereira
https://www.fincaraiz.com.co/casa-en-venta-en-condina-pereira/193888137,Bulevar de las villas,Casa,"Casa en Pereira, Risaralda",520000000.0,False,100.0,5200000.0,3.0,2.0,"Casa en venta en condina, pereira"
https://www.fincaraiz.com.co/apartamento-en-venta-en-centenario-pereira/192755115,Centenario,Apartamento,"Apartamento en Pereira, Risaralda",320000000.0,False,84.0,3809523.8095238097,3.0,2.0,"Apartamento en venta en centenario, pereira"
https://www.fincaraiz.com.co/apartamento-en-venta-en-aeropuerto-pereira/193209543,Aeropuerto,Apartamento,"Apartamento en Pereira, Risaralda",430000000.0,False,60.0,7166666.666666667,2.0,2.0,"Apartamento en venta en aeropuerto, pereira"
https://www.fincaraiz.com.co/apartamento-en-venta-en-pereira/192923452,Cambulos,Apartamento,"Apartamento en Pereira, Risaralda",409000000.0,False,49.0,8346938.775510204,1.0,2.0,Apartamento en venta en pereira
https://www.fincaraiz.com.co/apartamento-en-venta-en-los-alamos-pereira/193285226,Los alamos,Apartamento,"Apartamento en Pereira, Risaralda",590000000.0,False,85.0,6941176.470588235,3.0,2.0,"Apartamento en venta en los alamos, pereira"
https://www.fincaraiz.com.co/casa-en-venta-en-combia-pereira/192551133,Combia,Casa,"Casa en Pereira, Risaralda",1500000000.0,False,4995.0,300300.3003003003,3.0,4.0,"Casa en venta en combia, pereira"
https://www.fincaraiz.com.co/finca-en-venta-en-la-bella-pereira/193367335,La bella,Finca,"Finca en Pereira, Risaralda",2600000000.0,False,8050.0,322981.36645962734,5.0,4.0,"Finca en venta en la bella, pereira"
https://www.fincaraiz.com.co/finca-en-venta-en-combia-pereira/193303570,Combia,Finca,"Finca en Pereira, Risaralda",1000000000.0,False,340.0,2941176.470588235,6.0,5.0,"Finca en venta en combia, pereira"
https://www.fincaraiz.com.co/casa-en-venta-en-cerritos-pereira/194165344,Cerritos,Casa,"Casa en Pereira, Risaralda",3000000000.0,False,450.0,6666666.666666667,4.0,4.0,"Casa en venta en cerritos, pereira"
https://www.fincaraiz.com.co/casa-en-venta-en-pereira/193394700,La enseñanza,Casa,"Casa en Pereira, Risaralda",1850000000.0,False,320.0,5781250.0,5.0,6.0,Casa en venta en pereira
https://www.fincaraiz.com.co/apartamento-en-venta-en-pinares-pereira/193311053,La julita,Apartamento,"Apartamento en Pereira, Risaralda",580000000.0,False,110.0,5272727.2727272725,3.0,3.0,"Apartamento en venta en pinares, pereira"
https://www.fincaraiz.com.co/casa-campestre-en-venta-en-los-sauces-pereira/192967170,Los sauces,Casa Campestre,"Casa Campestre en Pereira, Risaralda",650000000.0,False,120.0,5416666.666666667,2.0,2.0,"Casa campestre en venta en los sauces, pereira"
https://www.fincaraiz.com.co/edificio-en-venta-en-centro-pereira/193032926,Sector lago uribe,Edificio,"Edificio en Pereira, Risaralda",1600000000.0,False,421.0,3800475.059382423,0.0,6.0,"Edificio en venta en centro, pereira"
https://www.fincaraiz.com.co/casa-en-venta-en-centro-pereira/192320225,Condina,Casa,"Casa en Pereira, Risaralda",450000000.0,False,174.0,2586206.896551724,8.0,3.0,"Casa en venta en centro, pereira"
https://www.fincaraiz.com.co/casa-en-venta-en-belmonte-a-pereira/192929246,Belmonte b,Casa,"Casa en Pereira, Risaralda",450000000.0,False,80.0,5625000.0,4.0,3.0,"Casa en venta en belmonte a, pereira"
https://www.fincaraiz.com.co/casa-campestre-en-venta-en-pereira/194219305,Pereira,Casa Campestre,"Casa Campestre en Pereira, Risaralda",2200000000.0,False,480.0,4583333.333333333,5.0,6.0,Casa campestre en venta en pereira
https://www.fincaraiz.com.co/apartamento-en-venta-en-cerritos-pereira/193973129,Cerritos,Apartamento,"Apartamento en Pereira, Risaralda",700000000.0,False,102.0,6862745.098039215,2.0,3.0,"Apartamento en venta en cerritos, pereira"
https://www.fincaraiz.com.co/casa-campestre-en-venta-en-condina-pereira/193310586,Morelia,Casa Campestre,"Casa Campestre en Pereira, Risaralda",1500000000.0,False,400.0,3750000.0,7.0,3.0,"Casa campestre en venta en condina, pereira"
https://www.fincaraiz.com.co/finca-en-venta-en-tribunas-corcega-pereira/192724495,Tribunas corcega,Finca,"Finca en Pereira, Risaralda",2500000000.0,False,244000.0,10245.901639344262,5.0,4.0,"Finca en venta en tribunas corcega, pereira"
https://www.fincaraiz.com.co/casa-en-venta-en-combia-pereira/192902018,Combia,Casa,"Casa en Pereira, Risaralda",1350000000.0,False,240.0,5625000.0,3.0,3.0,"Casa en venta en combia, pereira"
https://www.fincaraiz.com.co/apartamento-en-venta-en-la-julita-pereira/194100494,La julita,Apartamento,"Apartamento en Pereira, Risaralda",650000000.0,False,78.0,8333333.333333333,2.0,2.0,"Apartamento en venta en la julita, pereira"
https://www.fincaraiz.com.co/casa-en-venta-en-pinares-pereira/192749525,Cambulos,Casa,"Casa en Pereira, Risaralda",970000000.0,False,233.0,4163090.128755365,3.0,4.0,"Casa en venta en pinares, pereira"
https://www.fincaraiz.com.co/apartamento-en-venta-en-cerritos-pereira/192115885,Cerritos,Apartamento,"Apartamento en Pereira, Risaralda",660000000.0,False,61.0,10819672.131147541,2.0,2.0,"Apartamento en venta en cerritos, pereira"
https://www.fincaraiz.com.co/apartamento-en-venta-en-el-poblado-pereira/193049978,Venecia,Apartamento,"Apartamento en Pereira, Risaralda",235000000.0,False,48.0,4895833.333333333,2.0,1.0,"Apartamento en venta en el poblado, pereira"
https://www.fincaraiz.com.co/casa-en-venta-en-la-acuarela-pereira/192830865,Torres de la acuarela,Casa,"Casa en Pereira, Risaralda",300000000.0,False,120.0,2500000.0,3.0,1.0,"Casa en venta en la acuarela, pereira"
https://www.fincaraiz.com.co/apartamento-en-venta-en-pereira/193364203,Aeropuerto,Apartamento,"Apartamento en Pereira, Risaralda",580000000.0,False,85.0,6823529.411764706,3.0,2.0,Apartamento en venta en pereira
https://www.fincaraiz.com.co/casa-en-venta-en-el-paraiso-pereira/193313427,El paraiso,Casa,"Casa en Pereira, Risaralda",450000000.0,False,198.0,2272727.272727273,5.0,3.0,"Casa en venta en el paraiso, pereira"
https://www.fincaraiz.com.co/casa-en-venta-en-pereira/192321226,Campestre a,Casa,"Casa en Pereira, Risaralda",510000000.0,False,118.0,4322033.898305085,3.0,2.0,Casa en venta en pereira
https://www.fincaraiz.com.co/apartamento-en-venta-en-centro-pereira/193744472,Mejia robledo,Apartamento,"Apartamento en Pereira, Risaralda",550000000.0,False,106.0,5188679.245283019,3.0,2.0,"Apartamento en venta en centro, pereira"
https://www.fincaraiz.com.co/apartamento-en-venta-en-pinares-pereira/193311285,Pinares,Apartamento,"Apartamento en Pereira, Risaralda",620000000.0,False,130.0,4769230.769230769,3.0,3.0,"Apartamento en venta en pinares, pereira"
https://www.fincaraiz.com.co/apartamento-en-venta-en-galicia-pereira/193303788,Galicia,Apartamento,"Apartamento en Pereira, Risaralda",750000000.0,False,80.0,9375000.0,2.0,2.0,"Apartamento en venta en galicia, pereira"
https://www.fincaraiz.com.co/apartamento-en-venta-en-galicia-pereira/193930700,Cerritos,Apartamento,"Apartamento en Pereira, Risaralda",420000000.0,False,71.0,5915492.957746479,3.0,2.0,"Apartamento en venta en galicia, pereira"
https://www.fincaraiz.com.co/apartamento-en-venta-en-los-alamos-pereira/193582080,Los angeles,Apartamento,"Apartamento en Pereira, Risaralda",520000000.0,False,100.0,5200000.0,2.0,2.0,"Apartamento en venta en los alamos, pereira"
https://www.fincaraiz.com.co/casa-en-venta-en-pereira/193303939,Villa del palmar,Casa,"Casa en Pereira, Risaralda",250000000.0,False,85.0,2941176.470588235,3.0,2.0,Casa en venta en pereira
https://www.fincaraiz.com.co/casa-en-venta-en-pereira/193998886,Morelia,Casa,"Casa en Pereira, Risaralda",1100000000.0,False,206.0,5339805.825242719,3.0,2.0,Casa en venta en pereira
https://www.fincaraiz.com.co/casa-en-venta-en-galicia-pereira/193319070,Cerritos,Casa,"Casa en Pereira, Risaralda",700000000.0,False,185.0,3783783.7837837837,3.0,3.0,"Casa en venta en galicia, pereira"
https://www.fincaraiz.com.co/apartamento-en-venta-en-cerritos-pereira/193300575,Cerritos,Apartamento,"Apartamento en Pereira, Risaralda",690000000.0,False,100.0,6900000.0,3.0,2.0,"Apartamento en venta en cerritos, pereira"
https://www.fincaraiz.com.co/casa-en-venta-en-cuba-pereira/193942769,La francia,Casa,"Casa en Pereira, Risaralda",280000000.0,False,90.0,3111111.111111111,3.0,1.0,"Casa en venta en cuba, pereira"
https://www.fincaraiz.com.co/casa-campestre-en-venta-en-cerritos-pereira/193721816,Cerritos,Casa Campestre,"Casa Campestre en Pereira, Risaralda",3490000000.0,False,650.0,5369230.769230769,4.0,6.0,"Casa campestre en venta en cerritos, pereira"
https://www.fincaraiz.com.co/apartamento-en-venta-en-los-alpes-pereira/192320594,Los rosales,Apartamento,"Apartamento en Pereira, Risaralda",900000000.0,False,178.0,5056179.775280898,4.0,4.0,"Apartamento en venta en los alpes, pereira"
https://www.fincaraiz.com.co/apartamento-en-venta-en-avenida-30-de-agosto-pereira/193313564,Avenida 30 de agosto,Apartamento,"Apartamento en Pereira, Risaralda",425000000.0,False,60.0,7083333.333333333,2.0,2.0,"Apartamento en venta en avenida 30 de agosto, pereira"
https://www.fincaraiz.com.co/apartamento-en-venta-en-gamma-pereira/194032059,Gamma,Apartamento,"Apartamento en Pereira, Risaralda",285000000.0,False,69.0,4130434.782608696,3.0,2.0,"Apartamento en venta en gamma, pereira"
https://www.fincaraiz.com.co/apartamento-en-venta-en-condina-pereira/193354838,Morelia,Apartamento,"Apartamento en Pereira, Risaralda",150000000.0,False,45.0,3333333.3333333335,3.0,1.0,"Apartamento en venta en condina, pereira"
https://www.fincaraiz.com.co/consultorio-en-venta-en-avenida-30-de-agosto-pereira/193313248,Avenida 30 de agosto,Consultorio,"Consultorio en Pereira, Risaralda",550000000.0,False,44.0,12500000.0,1.0,1.0,"Consultorio en venta en avenida 30 de agosto, pereira"
https://www.fincaraiz.com.co/apartamento-en-venta-en-mirador-de-llano-grande-pereira/192321198,Mirador de llano grande,Apartamento,"Apartamento en Pereira, Risaralda",170000000.0,False,49.0,3469387.7551020407,3.0,1.0,"Apartamento en venta en mirador de llano grande, pereira"
https://www.fincaraiz.com.co/apartamento-en-venta-en-pereira/192321500,El dorado,Apartamento,"Apartamento en Pereira, Risaralda",520000000.0,False,64.0,8125000.0,2.0,2.0,Apartamento en venta en pereira
https://www.fincaraiz.com.co/casa-en-venta-en-pereira/193304378,Bosques de Santa Elena,Casa,"Casa en Pereira, Risaralda",850000000.0,False,290.0,2931034.4827586208,7.0,6.0,Casa en venta en pereira
https://www.fincaraiz.com.co/apartamento-en-venta-en-los-paraisos-pereira/192649785,Los paraisos,Apartamento,"Apartamento en Pereira, Risaralda",160000000.0,False,72.0,2222222.222222222,2.0,1.0,"Apartamento en venta en los paraisos, pereira"
https://www.fincaraiz.com.co/apartamento-en-venta-en-pereira/194155744,Sector belmonte,Apartamento,"Apartamento en Pereira, Risaralda",365000000.0,False,67.0,5447761.194029851,2.0,2.0,Apartamento en venta en pereira
https://www.fincaraiz.com.co/casa-en-venta-en-alfonso-lopez-pereira/192320580,Alfonso lopez,Casa,"Casa en Pereira, Risaralda",250000000.0,False,85.0,2941176.470588235,3.0,2.0,"Casa en venta en alfonso lopez, pereira"
https://www.fincaraiz.com.co/apartamento-en-venta-en-condina-pereira/193433418,Batara,Apartamento,"Apartamento en Pereira, Risaralda",280000000.0,False,57.0,4912280.701754386,3.0,2.0,"Apartamento en venta en condina, pereira"
https://www.fincaraiz.com.co/apartamento-en-venta-en-los-alpes-pereira/193939528,Los alpes,Apartamento,"Apartamento en Pereira, Risaralda",750000000.0,False,129.0,5813953.488372093,3.0,4.0,"Apartamento en venta en los alpes, pereira"
https://www.fincaraiz.com.co/apartamento-en-venta-en-condina-pereira/193668280,Condina,Apartamento,"Apartamento en Pereira, Risaralda",340000000.0,False,58.0,5862068.9655172415,3.0,2.0,"Apartamento en venta en condina, pereira"
https://www.fincaraiz.com.co/apartamento-en-venta-en-los-alpes-pereira/193074390,San jose sur,Apartamento,"Apartamento en Pereira, Risaralda",390000000.0,False,69.0,5652173.9130434785,2.0,2.0,"Apartamento en venta en los alpes, pereira"
https://www.fincaraiz.com.co/casa-en-venta-en-cuba-pereira/193810776,Guadalupe,Casa,"Casa en Pereira, Risaralda",280000000.0,False,64.0,4375000.0,3.0,2.0,"Casa en venta en cuba, pereira"
https://www.fincaraiz.com.co/apartamento-en-venta-en-pinares-pereira/7665822,Cambulos,Apartamento,"Apartamento en Pereira, Risaralda",1050000000.0,False,240.0,4375000.0,4.0,3.0,"Apartamento en venta en pinares, pereira"
https://www.fincaraiz.com.co/casa-campestre-en-venta-en-tribunas-corcega-pereira/193447478,Tribunas corcega,Casa Campestre,"Casa Campestre en Pereira, Risaralda",3300000000.0,False,2071.0,1593433.1240946404,4.0,5.0,"Casa campestre en venta en tribunas corcega, pereira"
https://www.fincaraiz.com.co/casa-en-venta-en-maraya-pereira/193368115,Maraya,Casa,"Casa en Pereira, Risaralda",524000000.0,False,131.0,4000000.0,4.0,3.0,"Casa en venta en maraya, pereira"
https://www.fincaraiz.com.co/casa-en-venta-en-pereira/193616886,San jose sur,Casa,"Casa en Pereira, Risaralda",790000000.0,False,133.0,5939849.62406015,4.0,4.0,Casa en venta en pereira
https://www.fincaraiz.com.co/casa-en-venta-en-cerritos-pereira/193304501,Cerritos,Casa,"Casa en Pereira, Risaralda",2100000000.0,False,318.0,6603773.584905661,2.0,5.0,"Casa en venta en cerritos, pereira"
https://www.fincaraiz.com.co/casa-en-venta-en-los-corales-pereira/193313069,Los corales,Casa,"Casa en Pereira, Risaralda",535000000.0,False,185.0,2891891.891891892,5.0,3.0,"Casa en venta en los corales, pereira"
https://www.fincaraiz.com.co/apartamento-en-venta-en-los-alamos-pereira/193150979,Los angeles,Apartamento,"Apartamento en Pereira, Risaralda",530000000.0,False,82.0,6463414.634146341,2.0,2.0,"Apartamento en venta en los alamos, pereira"
https://www.fincaraiz.com.co/casa-en-venta-en-cerritos-pereira/193452050,Cerritos,Casa,"Casa en Pereira, Risaralda",1750000000.0,False,415.0,4216867.469879518,3.0,3.0,"Casa en venta en cerritos, pereira"
https://www.fincaraiz.com.co/casa-en-venta-en-el-jardin-pereira/192320401,El dorado,Casa,"Casa en Pereira, Risaralda",400000000.0,False,180.0,2222222.222222222,3.0,2.0,"Casa en venta en el jardin, pereira"
https://www.fincaraiz.com.co/casa-en-venta-en-sector-belmonte-pereira/193872385,Sector belmonte,Casa,"Casa en Pereira, Risaralda",470000000.0,False,107.0,4392523.364485981,3.0,3.0,"Casa en venta en sector belmonte, pereira"
https://www.fincaraiz.com.co/apartamento-en-venta-en-cerritos-pereira/193398679,Cerritos,Apartamento,"Apartamento en Pereira, Risaralda",980000000.0,False,130.0,7538461.538461538,3.0,2.0,"Apartamento en venta en cerritos, pereira"
https://www.fincaraiz.com.co/apartamento-en-venta-en-los-alamos-pereira/192544704,Los alamos,Apartamento,"Apartamento en Pereira, Risaralda",590000000.0,False,140.0,4214285.714285715,2.0,2.0,"Apartamento en venta en los alamos, pereira"
https://www.fincaraiz.com.co/casa-campestre-en-venta-en-cerritos-pereira/8258929,Cerritos,Casa Campestre,"Casa Campestre en Pereira, Risaralda",4950000000.0,False,1350.0,3666666.6666666665,3.0,6.0,"Casa campestre en venta en cerritos, pereira"
https://www.fincaraiz.com.co/casa-en-venta-en-pereira/193308922,Quindio,Casa,"Casa en Pereira, Quindio",3200000000.0,False,300.0,10666666.666666666,6.0,5.0,Casa en venta en pereira
https://www.fincaraiz.com.co/apartamento-en-venta-en-pereira/193657693,Avenida Sur,Apartamento,"Apartamento en Pereira, Risaralda",460000000.0,False,127.0,3622047.244094488,3.0,3.0,Apartamento en venta en pereira
https://www.fincaraiz.com.co/casa-campestre-en-venta-en-pereira/192479717,La estrella la palm,Casa Campestre,"Casa Campestre en Pereira, Risaralda",670000000.0,False,120.0,5583333.333333333,3.0,3.0,Casa campestre en venta en pereira
https://www.fincaraiz.com.co/apartamento-en-venta-en-los-alamos-pereira/193236438,Los alamos,Apartamento,"Apartamento en Pereira, Risaralda",520000000.0,False,100.0,5200000.0,2.0,2.0,"Apartamento en venta en los alamos, pereira"
https://www.fincaraiz.com.co/apartamento-en-venta-en-pinares-pereira/192864874,Pinares,Apartamento,"Apartamento en Pereira, Risaralda",900000000.0,False,125.0,7200000.0,3.0,3.0,"Apartamento en venta en pinares, pereira"
https://www.fincaraiz.com.co/apartamento-en-venta-en-centro-pereira/194020991,Sector plaza de bolivar,Apartamento,"Apartamento en Pereira, Risaralda",500000000.0,False,161.0,3105590.0621118015,3.0,2.0,"Apartamento en venta en centro, pereira"
https://www.fincaraiz.com.co/casa-en-venta-en-villa-santana-pereira/193458915,El danubio,Casa,"Casa en Pereira, Risaralda",167000000.0,False,50.0,3340000.0,2.0,1.0,"Casa en venta en villa santana, pereira"
https://www.fincaraiz.com.co/apartamento-en-venta-en-circunvalar-alamos-pereira/191908757,Cambulos,Apartamento,"Apartamento en Pereira, Risaralda",425000000.0,False,107.0,3971962.61682243,3.0,2.0,"Apartamento en  venta en circunvalar - alamos, pereira"
https://www.fincaraiz.com.co/apartamento-en-venta-en-pinares-pereira/192371135,San jose sur,Apartamento,"Apartamento en Pereira, Risaralda",520000000.0,False,138.0,3768115.9420289854,3.0,3.0,"Apartamento en venta en pinares, pereira"
https://www.fincaraiz.com.co/apartamento-en-venta-en-primero-de-febrero-pereira/11043001,Remigio antonio canarte,Apartamento,"Apartamento en Pereira, Risaralda",360000000.0,False,120.0,3000000.0,4.0,3.0,"Apartamento en venta en primero de febrero, pereira"
https://www.fincaraiz.com.co/apartamento-en-venta-en-ciudad-boquia-i-pereira/192953711,Malaga,Apartamento,"Apartamento en Pereira, Risaralda",210000000.0,False,66.35,3165033.911077619,3.0,2.0,"Apartamento en venta en ciudad boquia i, pereira"
https://www.fincaraiz.com.co/apartamento-en-venta-en-pinares-pereira/193571588,La julita,Apartamento,"Apartamento en Pereira, Risaralda",690000000.0,False,69.0,10000000.0,1.0,2.0,"Apartamento en venta en pinares, pereira"
https://www.fincaraiz.com.co/apartamento-en-venta-en-condina-pereira/194074952,Condina,Apartamento,"Apartamento en Pereira, Risaralda",280000000.0,False,58.0,4827586.206896552,3.0,1.0,"Apartamento en venta en condina, pereira"
https://www.fincaraiz.com.co/apartamento-en-venta-en-hacienda-cuba-pereira/193472357,Hacienda cuba,Apartamento,"Apartamento en Pereira, Risaralda",235000000.0,False,44.0,5340909.090909091,3.0,1.0,"Apartamento en venta en hacienda cuba, pereira"
https://www.fincaraiz.com.co/local-en-venta-en-avenida-30-de-agosto-pereira/194066233,Avenida 30 de agosto,Local Comercial,"Local Comercial en Pereira, Risaralda",6000000000.0,False,650.0,9230769.23076923,5.0,3.0,"Local en venta en avenida 30 de agosto, pereira"
https://www.fincaraiz.com.co/apartamento-en-venta-en-pereira/193841916,Bosques de Santa Elena,Apartamento,"Apartamento en Pereira, Risaralda",750000000.0,False,120.0,6250000.0,3.0,2.0,Apartamento en venta en pereira
https://www.fincaraiz.com.co/apartamento-en-venta-en-cerritos-pereira/193994669,Cerritos,Apartamento,"Apartamento en Pereira, Risaralda",420000000.0,False,66.0,6363636.363636363,2.0,2.0,"Apartamento en venta en cerritos, pereira"
https://www.fincaraiz.com.co/apartamento-en-venta-en-pinares-pereira/193310569,Pinares,Apartamento,"Apartamento en Pereira, Risaralda",1710000000.0,False,172.0,9941860.46511628,3.0,3.0,"Apartamento en venta en pinares, pereira"
https://www.fincaraiz.com.co/apartamento-en-venta-en-pinares-pereira/192745884,Cambulos,Apartamento,"Apartamento en Pereira, Risaralda",490000000.0,False,95.0,5157894.736842105,2.0,2.0,"Apartamento en venta en pinares, pereira"
https://www.fincaraiz.com.co/apartamento-en-venta-en-pinares-pereira/193303072,Pinares,Apartamento,"Apartamento en Pereira, Risaralda",855893658.0,False,99.0,8645390.484848484,3.0,3.0,"Apartamento en venta en pinares, pereira"
https://www.fincaraiz.com.co/edificio-en-venta-en-centro-pereira/193684728,Sector plaza de bolivar,Edificio,"Edificio en Pereira, Risaralda",15000000000.0,False,3016.0,4973474.801061008,0.0,12.0,"Edificio en venta en centro, pereira"
https://www.fincaraiz.com.co/casa-en-venta-en-centro-pereira/192387474,Sector 30 de agosto,Casa,"Casa en Pereira, Risaralda",900000000.0,False,600.0,1500000.0,8.0,5.0,"Casa en venta en centro, pereira"
https://www.fincaraiz.com.co/casa-campestre-en-venta-en-condina-pereira/191936396,Condina,Casa Campestre,"Casa Campestre en Pereira, Risaralda",2000000000.0,False,490.0,4081632.6530612246,4.0,6.0,"Casa campestre en  venta en condina, pereira"
https://www.fincaraiz.com.co/casa-en-venta-en-circunvalar-alamos-pereira/193765601,Los alamos,Casa,"Casa en Pereira, Risaralda",880000000.0,False,275.0,3200000.0,3.0,3.0,"Casa en venta en circunvalar - alamos, pereira"
https://www.fincaraiz.com.co/apartamento-en-venta-en-los-alpes-pereira/193197717,Los rosales,Apartamento,"Apartamento en Pereira, Risaralda",950000000.0,False,139.0,6834532.37410072,3.0,3.0,"Apartamento en venta en los alpes, pereira"
https://www.fincaraiz.com.co/edificio-en-venta-en-centro-pereira/193002756,Sector plaza de bolivar,Edificio,"Edificio en Pereira, Risaralda",5061500000.0,False,749.0,6757676.902536715,0.0,2.0,"Edificio en venta en centro, pereira"
https://www.fincaraiz.com.co/apartamento-en-venta-en-centro-pereira/193545870,Primero de febrero,Apartamento,"Apartamento en Pereira, Risaralda",340000000.0,False,124.0,2741935.4838709678,2.0,3.0,"Apartamento en venta en centro, pereira"
https://www.fincaraiz.com.co/casa-en-venta-en-zona-deportiva-villa-olimpica-pereira/193831192,Zona deportiva villa olimpica,Casa,"Casa en Pereira, Risaralda",800000000.0,False,180.0,4444444.444444444,3.0,5.0,"Casa en venta en zona deportiva villa olimpica, pereira"
https://www.fincaraiz.com.co/casa-en-venta-en-popular-modelo-pereira/193311777,Alfonso lopez,Casa,"Casa en Pereira, Risaralda",1400000000.0,False,403.0,3473945.4094292806,6.0,6.0,"Casa en venta en popular modelo, pereira"
https://www.fincaraiz.com.co/casa-en-venta-en-pereira/193105502,Guadalupe,Casa,"Casa en Pereira, Risaralda",360000000.0,False,110.0,3272727.272727273,4.0,2.0,Casa en venta en pereira
https://www.fincaraiz.com.co/casa-campestre-en-venta-en-morelia-pereira/192930876,Morelia,Casa Campestre,"Casa Campestre en Pereira, Risaralda",1500000000.0,False,340.0,4411764.705882353,6.0,4.0,"Casa campestre en venta en morelia, pereira"
https://www.fincaraiz.com.co/apartamento-en-venta-en-cerritos-pereira/194200449,Cerritos,Apartamento,"Apartamento en Pereira, Risaralda",690000000.0,False,99.0,6969696.96969697,3.0,2.0,"Apartamento en venta en cerritos, pereira"
https://www.fincaraiz.com.co/apartamento-en-venta-en-pereira/193879661,Pereira,Apartamento,"Apartamento en Pereira, Risaralda",280000000.0,False,82.0,3414634.1463414636,2.0,1.0,Apartamento en venta en pereira
https://www.fincaraiz.com.co/finca-en-venta-en-cerritos-pereira/192111914,Cerritos,Finca,"Finca en Pereira, Risaralda",3800000000.0,False,687.0,5531295.487627366,8.0,8.0,"Finca en venta en cerritos, pereira"
https://www.fincaraiz.com.co/oficina-en-venta-en-pinares-pereira/191856099,San jose sur,Oficina,"Oficina en Pereira, Risaralda",1042409000.0,False,148.0,7043304.054054054,2.0,2.0,"Oficina en  venta en pinares, pereira"
https://www.fincaraiz.com.co/casa-en-arriendo-en-combia-pereira/193155797,Combia,Casa,"Casa en Pereira, Risaralda",2350000000.0,False,2200.0,1068181.8181818181,18.0,20.0,"Casa en arriendo en combia, pereira"
https://www.fincaraiz.com.co/apartamento-en-venta-en-los-alamos-pereira/192715731,Los alamos,Apartamento,"Apartamento en Pereira, Risaralda",720000000.0,False,133.0,5413533.834586466,3.0,2.0,"Apartamento en venta en los alamos, pereira"
https://www.fincaraiz.com.co/consultorio-en-venta-en-centro-pereira/193418628,Sector plaza de bolivar,Consultorio,"Consultorio en Pereira, Risaralda",295000000.0,False,44.2,6674208.14479638,2.0,1.0,"Consultorio en venta en centro, pereira"
https://www.fincaraiz.com.co/apartamento-en-venta-en-aeropuerto-pereira/192416335,Gamma,Apartamento,"Apartamento en Pereira, Risaralda",260000000.0,False,48.0,5416666.666666667,2.0,1.0,"Apartamento en venta en aeropuerto, pereira"
https://www.fincaraiz.com.co/casa-en-venta-en-tokio-pereira/193464049,La bella,Casa,"Casa en Pereira, Risaralda",120000000.0,False,100.0,1200000.0,2.0,1.0,"Casa en venta en tokio, pereira"
https://www.fincaraiz.com.co/consultorio-en-venta-en-centro-pereira/8275967,Centro,Consultorio,"Consultorio en Pereira, Risaralda",110000000.0,False,36.0,3055555.5555555555,1.0,1.0,"Consultorio en venta en centro, pereira"
https://www.fincaraiz.com.co/casa-en-venta-en-pereira/192320152,Los prados,Casa,"Casa en Pereira, Risaralda",750000000.0,False,210.0,3571428.5714285714,7.0,3.0,Casa en venta en pereira
https://www.fincaraiz.com.co/apartamento-en-venta-en-los-alamos-pereira/193065875,Los alamos,Apartamento,"Apartamento en Pereira, Risaralda",640000000.0,False,85.0,7529411.764705882,2.0,2.0,"Apartamento en venta en los alamos, pereira"
https://www.fincaraiz.com.co/apartamento-en-venta-en-ciudad-jardin-pereira/193667399,Los angeles,Apartamento,"Apartamento en Pereira, Risaralda",420000000.0,False,68.0,6176470.588235294,3.0,2.0,"Apartamento en venta en ciudad jardin, pereira"
https://www.fincaraiz.com.co/casa-campestre-en-venta-en-combia-pereira/192734212,Combia baja,Casa Campestre,"Casa Campestre en Pereira, Risaralda",1350000000.0,False,328.0,4115853.6585365855,4.0,5.0,"Casa campestre en venta en combia, pereira"
https://www.fincaraiz.com.co/bodega-en-venta-en-sector-plaza-de-bolivar-pereira/192660671,Sector plaza de bolivar,Bodega,"Bodega en Pereira, Risaralda",1600000000.0,False,400.0,4000000.0,2.0,1.0,"Bodega en venta en sector plaza de bolivar, pereira"
https://www.fincaraiz.com.co/casa-en-venta-en-centro-pereira/192314179,San jose sur,Casa,"Casa en Pereira, Risaralda",750000000.0,False,371.0,2021563.3423180594,8.0,4.0,"Casa en venta en centro, pereira"
https://www.fincaraiz.com.co/apartamento-en-venta-en-avenida-30-de-agosto-pereira/193283134,Avenida 30 de agosto,Apartamento,"Apartamento en Pereira, Risaralda",559000000.0,False,67.0,8343283.582089553,3.0,2.0,"Apartamento en venta en avenida 30 de agosto, pereira"
https://www.fincaraiz.com.co/casa-campestre-en-venta-en-combia-pereira/193520138,Combia,Casa Campestre,"Casa Campestre en Pereira, Risaralda",1500000000.0,False,3700.0,405405.4054054054,6.0,7.0,"Casa campestre en venta en combia, pereira"
https://www.fincaraiz.com.co/casa-en-venta-en-pereira/193304087,Malaga,Casa,"Casa en Pereira, Risaralda",280000000.0,False,206.0,1359223.3009708738,4.0,2.0,Casa en venta en pereira
https://www.fincaraiz.com.co/casa-en-venta-en-el-jardin-pereira/193671971,La estrella la palm,Casa,"Casa en Pereira, Risaralda",320000000.0,False,100.0,3200000.0,2.0,2.0,"Casa en venta en el jardin, pereira"
https://www.fincaraiz.com.co/apartamento-en-venta-en-pereira/192454533,Santa ines,Apartamento,"Apartamento en Pereira, Risaralda",395000000.0,False,69.0,5724637.68115942,2.0,2.0,Apartamento en venta en pereira
https://www.fincaraiz.com.co/casa-en-venta-en-pereira/193310650,Sector lago uribe,Casa,"Casa en Pereira, Risaralda",850000000.0,False,197.0,4314720.812182741,3.0,1.0,Casa en venta en pereira
https://www.fincaraiz.com.co/apartamento-en-venta-en-pereira/193310197,Ciudadela del cafe sector c,Apartamento,"Apartamento en Pereira, Risaralda",180000000.0,False,43.0,4186046.511627907,3.0,1.0,Apartamento en venta en pereira
https://www.fincaraiz.com.co/casa-en-venta-en-berlin-pereira/193311872,Berlin,Casa,"Casa en Pereira, Risaralda",270000000.0,False,120.0,2250000.0,8.0,1.0,"Casa en venta en berlin, pereira"
https://www.fincaraiz.com.co/apartaestudio-en-venta-en-cerritos-pereira/193413396,Cerritos,Apartaestudio,"Apartaestudio en Pereira, Risaralda",625000000.0,False,66.0,9469696.969696969,1.0,1.0,"Apartaestudio en venta en cerritos, pereira"
https://www.fincaraiz.com.co/casa-campestre-en-venta-en-cerritos-pereira/193511103,Cerritos,Casa Campestre,"Casa Campestre en Pereira, Risaralda",1300000000.0,False,2500.0,520000.0,4.0,5.0,"Casa campestre en venta en cerritos, pereira"
https://www.fincaraiz.com.co/apartamento-en-venta-en-los-alpes-pereira/192778685,San jose sur,Apartamento,"Apartamento en Pereira, Risaralda",590000000.0,False,83.0,7108433.734939759,3.0,2.0,"Apartamento en venta en los alpes, pereira"
https://www.fincaraiz.com.co/casa-en-venta-en-pereira/193313849,San jose sur,Casa,"Casa en Pereira, Risaralda",580000000.0,False,161.0,3602484.4720496894,4.0,2.0,Casa en venta en pereira
https://www.fincaraiz.com.co/apartamento-en-venta-en-circunvalar-alamos-pereira/193336024,Cambulos,Apartamento,"Apartamento en Pereira, Risaralda",980000000.0,False,90.0,10888888.888888888,2.0,3.0,"Apartamento en venta en circunvalar - alamos, pereira"
https://www.fincaraiz.com.co/casa-en-venta-en-avenida-30-de-agosto-pereira/193301615,Avenida 30 de agosto,Casa,"Casa en Pereira, Risaralda",750000000.0,False,166.0,4518072.289156627,4.0,3.0,"Casa en venta en avenida 30 de agosto, pereira"
https://www.fincaraiz.com.co/casa-en-venta-en-cuba-pereira/193310938,Los prados,Casa,"Casa en Pereira, Risaralda",315000000.0,False,162.0,1944444.4444444445,7.0,3.0,"Casa en venta en cuba, pereira"
https://www.fincaraiz.com.co/finca-en-venta-en-la-florida-pereira/192813080,La florida,Finca,"Finca en Pereira, Risaralda",3500000000.0,False,700.0,5000000.0,5.0,5.0,"Finca en venta en la florida, pereira"
https://www.fincaraiz.com.co/casa-campestre-en-venta-en-combia-pereira/193901615,Combia,Casa Campestre,"Casa Campestre en Pereira, Risaralda",860000000.0,False,1700.0,505882.35294117645,4.0,3.0,"Casa campestre en venta en combia, pereira"
https://www.fincaraiz.com.co/edificio-en-venta-en-belalcazar-pereira/193301299,Olaya herrera,Edificio,"Edificio en Pereira, Risaralda",2500000000.0,False,800.0,3125000.0,8.0,8.0,"Edificio en venta en belalcazar, pereira"
https://www.fincaraiz.com.co/edificio-en-venta-en-samaria-i-etapa-pereira/191614755,Samaria i etapa,Edificio,"Edificio en Pereira, Risaralda",620000000.0,False,55.0,11272727.272727273,11.0,4.0,"Edificio en  venta en samaria i etapa, pereira"
https://www.fincaraiz.com.co/apartamento-en-venta-en-gamma-pereira/193183106,Gamma,Apartamento,"Apartamento en Pereira, Risaralda",230000000.0,False,68.0,3382352.9411764704,0.0,2.0,"Apartamento en venta en gamma, pereira"
https://www.fincaraiz.com.co/casa-en-venta-en-pueblito-cafetero-pereira/193955274,Morelia,Casa,"Casa en Pereira, Risaralda",810000000.0,False,159.0,5094339.622641509,4.0,4.0,"Casa en venta en pueblito cafetero, pereira"
https://www.fincaraiz.com.co/apartamento-en-venta-en-agua-azul-pereira/192476982,Agua azul,Apartamento,"Apartamento en Pereira, Risaralda",205000000.0,False,51.0,4019607.843137255,3.0,2.0,"Apartamento en venta en agua azul, pereira"
https://www.fincaraiz.com.co/casa-en-venta-en-centro-pereira/193693802,Remigio antonio canarte,Casa,"Casa en Pereira, Risaralda",410000000.0,False,130.0,3153846.153846154,5.0,2.0,"Casa en venta en centro, pereira"
https://www.fincaraiz.com.co/apartamento-en-venta-en-jardin-iii-etapa-pereira/192141049,El dorado,Apartamento,"Apartamento en Pereira, Risaralda",269000000.0,False,86.0,3127906.976744186,3.0,2.0,"Apartamento en venta en jardin iii etapa, pereira"
https://www.fincaraiz.com.co/apartamento-en-venta-en-centro-pereira/192386456,San jose sur,Apartamento,"Apartamento en Pereira, Risaralda",320000000.0,False,113.0,2831858.407079646,3.0,2.0,"Apartamento en venta en centro, pereira"
https://www.fincaraiz.com.co/casa-en-venta-en-pereira/193484163,Tribunas corcega,Casa,"Casa en Pereira, Risaralda",1800000000.0,False,427.0,4215456.674473068,3.0,4.0,Casa en venta en pereira
https://www.fincaraiz.com.co/casa-en-venta-en-kennedy-pereira/193820247,Kennedy,Casa,"Casa en Pereira, Risaralda",340000000.0,False,123.0,2764227.6422764226,3.0,2.0,"Casa en venta en kennedy, pereira"
https://www.fincaraiz.com.co/casa-en-venta-en-providencia-pereira/7967947,Providencia,Casa,"Casa en Pereira, Risaralda",750000000.0,False,132.0,5681818.181818182,13.0,7.0,"Casa en venta en providencia, pereira"
https://www.fincaraiz.com.co/casa-en-venta-en-bosques-de-santa-helena-ii-pereira/10107244,Bosques de Santa Elena,Casa,"Casa en Pereira, Risaralda",600000000.0,False,194.0,3092783.505154639,6.0,3.0,"Casa en venta en bosques de santa helena ii, pereira"
https://www.fincaraiz.com.co/casa-en-venta-en-popular-modelo-pereira/193313519,Alfonso lopez,Casa,"Casa en Pereira, Risaralda",680000000.0,False,200.0,3400000.0,6.0,6.0,"Casa en venta en popular modelo, pereira"
https://www.fincaraiz.com.co/casa-en-venta-en-pereira/192319780,Guadalupe,Casa,"Casa en Pereira, Risaralda",450000000.0,False,212.0,2122641.5094339624,8.0,3.0,Casa en venta en pereira
https://www.fincaraiz.com.co/casa-campestre-en-venta-en-cerritos-pereira/193595463,Cerritos,Casa Campestre,"Casa Campestre en Pereira, Risaralda",1100000000.0,False,350.0,3142857.1428571427,3.0,3.0,"Casa campestre en venta en cerritos, pereira"
https://www.fincaraiz.com.co/apartamento-en-venta-en-condina-pereira/194080483,Morelia,Apartamento,"Apartamento en Pereira, Risaralda",245000000.0,False,47.0,5212765.957446809,2.0,2.0,"Apartamento en venta en condina, pereira"
https://www.fincaraiz.com.co/casa-en-venta-en-porvenir-pereira/194246225,Porvenir,Casa,"Casa en Pereira, Risaralda",400000000.0,False,168.0,2380952.380952381,6.0,2.0,"Casa en venta en porvenir, pereira"
https://www.fincaraiz.com.co/apartamento-en-venta-en-gamma-pereira/193301724,Gamma,Apartamento,"Apartamento en Pereira, Risaralda",270000000.0,False,86.0,3139534.88372093,3.0,2.0,"Apartamento en venta en gamma, pereira"
https://www.fincaraiz.com.co/local-en-venta-en-centro-pereira/193318393,Sector lago uribe,Local Comercial,"Local Comercial en Pereira, Risaralda",1200000000.0,False,210.0,5714285.714285715,4.0,2.0,"Local en venta en centro, pereira"
https://www.fincaraiz.com.co/casa-en-venta-en-berlin-pereira/192320384,Berlin,Casa,"Casa en Pereira, Risaralda",350000000.0,False,120.0,2916666.6666666665,7.0,4.0,"Casa en venta en berlin, pereira"
https://www.fincaraiz.com.co/apartamento-en-venta-en-cerritos-pereira/194033222,Cerritos,Apartamento,"Apartamento en Pereira, Risaralda",465000000.0,False,67.0,6940298.507462687,2.0,1.0,"Apartamento en venta en cerritos, pereira"
https://www.fincaraiz.com.co/casa-en-venta-en-centro-pereira/193309976,Primero de febrero,Casa,"Casa en Pereira, Risaralda",650000000.0,False,134.0,4850746.268656717,4.0,3.0,"Casa en venta en centro, pereira"
https://www.fincaraiz.com.co/apartamento-en-venta-en-los-alamos-pereira/11104319,Los alamos,Apartamento,"Apartamento en Pereira, Risaralda",700000000.0,False,140.0,5000000.0,3.0,2.0,"Apartamento en venta en los alamos, pereira"
https://www.fincaraiz.com.co/apartamento-en-venta-en-cerritos-pereira/11008905,Cerritos,Apartaestudio,"Apartaestudio en Pereira, Risaralda",520000000.0,False,80.0,6500000.0,1.0,1.0,"Apartamento en venta en cerritos, pereira"
https://www.fincaraiz.com.co/apartamento-en-venta-en-pinares-pereira/191767768,Cambulos,Apartamento,"Apartamento en Pereira, Risaralda",900000000.0,False,180.0,5000000.0,3.0,3.0,"Apartamento en  venta en pinares, pereira"
https://www.fincaraiz.com.co/apartamento-en-venta-en-los-alpes-pereira/193236270,Los alpes,Apartamento,"Apartamento en Pereira, Risaralda",540000000.0,False,69.0,7826086.956521739,2.0,2.0,"Apartamento en venta en los alpes, pereira"
https://www.fincaraiz.com.co/apartamento-en-venta-en-los-alamos-pereira/193841309,Los alamos,Apartamento,"Apartamento en Pereira, Risaralda",1340000000.0,False,240.0,5583333.333333333,3.0,5.0,"Apartamento en venta en los alamos, pereira"
https://www.fincaraiz.com.co/casa-en-venta-en-cerritos-pereira/192864857,Cerritos,Casa,"Casa en Pereira, Risaralda",1400000000.0,False,300.0,4666666.666666667,4.0,3.0,"Casa en venta en cerritos, pereira"
https://www.fincaraiz.com.co/casa-campestre-en-venta-en-cerritos-pereira/194139785,Cerritos,Casa Campestre,"Casa Campestre en Pereira, Risaralda",2800000000.0,False,740.0,3783783.7837837837,7.0,8.0,"Casa campestre en venta en cerritos, pereira"
https://www.fincaraiz.com.co/oficina-en-venta-en-pinares-pereira/193720054,Cambulos,Oficina,"Oficina en Pereira, Risaralda",260000000.0,False,26.0,10000000.0,1.0,1.0,"Oficina en venta en pinares, pereira"
https://www.fincaraiz.com.co/casa-en-venta-en-galicia-pereira/193284574,Galicia,Casa,"Casa en Pereira, Risaralda",350000000.0,False,68.0,5147058.823529412,3.0,2.0,"Casa en venta en galicia, pereira"
https://www.fincaraiz.com.co/apartamento-en-venta-en-sector-belmonte-pereira/194004758,Sector belmonte,Apartamento,"Apartamento en Pereira, Risaralda",540000000.0,False,78.0,6923076.923076923,3.0,2.0,"Apartamento en venta en sector belmonte, pereira"
https://www.fincaraiz.com.co/cabaña-en-venta-en-la-florida-pereira/192553845,La florida,Cabaña,"Cabaña en Pereira, Risaralda",600000000.0,False,367.0,1634877.3841961853,4.0,4.0,"Cabaña en venta en la florida, pereira"
https://www.fincaraiz.com.co/apartamento-en-venta-en-maraya-pereira/193150934,Sector 30 de agosto,Apartamento,"Apartamento en Pereira, Risaralda",450000000.0,False,74.0,6081081.081081081,2.0,3.0,"Apartamento en venta en maraya, pereira"
https://www.fincaraiz.com.co/casa-en-venta-en-pinares-pereira/193742366,La julita,Casa,"Casa en Pereira, Risaralda",1500000000.0,False,290.0,5172413.793103448,4.0,5.0,"Casa en venta en pinares, pereira"
https://www.fincaraiz.com.co/casa-campestre-en-venta-en-morelia-pereira/193134114,Morelia,Casa Campestre,"Casa Campestre en Pereira, Risaralda",1600000000.0,False,500.0,3200000.0,9.0,6.0,"Casa campestre en venta en morelia, pereira"
https://www.fincaraiz.com.co/casa-en-venta-en-combia-pereira/193695270,Combia,Casa,"Casa en Pereira, Risaralda",2300000000.0,False,2700.0,851851.8518518518,4.0,5.0,"Casa en venta en combia, pereira"
https://www.fincaraiz.com.co/apartamento-en-venta-en-frailes-pereira/192321413,Frailes,Apartamento,"Apartamento en Pereira, Risaralda",220000000.0,False,48.0,4583333.333333333,3.0,1.0,"Apartamento en venta en frailes, pereira"
https://www.fincaraiz.com.co/apartamento-en-venta-en-la-bella-pereira/193231505,La bella,Apartamento,"Apartamento en Pereira, Risaralda",490000000.0,False,70.0,7000000.0,3.0,2.0,"Apartamento en venta en la bella, pereira"
https://www.fincaraiz.com.co/casa-en-venta-en-zona-deportiva-villa-olimpica-pereira/193746183,Colores de la villa,Casa,"Casa en Pereira, Risaralda",350000000.0,False,78.0,4487179.487179487,3.0,4.0,"Casa en venta en zona deportiva villa olimpica, pereira"
https://www.fincaraiz.com.co/casa-campestre-en-venta-en-cerritos-pereira/191847707,Cerritos,Casa Campestre,"Casa Campestre en Pereira, Risaralda",2600000000.0,False,1200.0,2166666.6666666665,7.0,8.0,"Casa campestre en  venta en cerritos, pereira"
https://www.fincaraiz.com.co/casa-en-venta-en-samaria-i-etapa-pereira/193693430,Samaria i etapa,Casa,"Casa en Pereira, Risaralda",640000000.0,False,234.0,2735042.735042735,11.0,4.0,"Casa en venta en samaria i etapa, pereira"
https://www.fincaraiz.com.co/apartamento-en-venta-en-el-dorado-pereira/193623088,Jardines de tanambi,Apartamento,"Apartamento en Pereira, Risaralda",410000000.0,False,70.0,5857142.857142857,2.0,2.0,"Apartamento en venta en el dorado, pereira"
https://www.fincaraiz.com.co/oficina-en-venta-en-los-alamos-pereira/192797247,Los alamos,Oficina,"Oficina en Pereira, Risaralda",295000000.0,False,34.0,8676470.588235294,1.0,1.0,"Oficina en venta en los alamos, pereira"
https://www.fincaraiz.com.co/casa-campestre-en-venta-en-tribunas-corcega-pereira/194163442,Tribunas corcega,Casa Campestre,"Casa Campestre en Pereira, Risaralda",1700000000.0,False,416.0,4086538.4615384615,4.0,4.0,"Casa campestre en venta en tribunas corcega, pereira"
https://www.fincaraiz.com.co/oficina-en-venta-en-sector-plaza-de-bolivar-pereira/192507174,Sector lago uribe,Oficina,"Oficina en Pereira, Risaralda",400000000.0,False,68.0,5882352.94117647,2.0,2.0,"Oficina en venta en sector plaza de bolivar, pereira"
https://www.fincaraiz.com.co/apartaestudio-en-venta-en-galicia-pereira/193714671,Galicia,Apartaestudio,"Apartaestudio en Pereira, Risaralda",340000000.0,False,32.0,10625000.0,1.0,1.0,"Apartaestudio en venta en galicia, pereira"
https://www.fincaraiz.com.co/apartaestudio-en-venta-en-pinares-pereira/192832095,Cambulos,Apartaestudio,"Apartaestudio en Pereira, Risaralda",395000000.0,False,77.0,5129870.12987013,1.0,2.0,"Apartaestudio en venta en pinares, pereira"
https://www.fincaraiz.com.co/apartamento-en-venta-en-maraya-pereira/192322305,Sector 30 de agosto ii etapa,Apartamento,"Apartamento en Pereira, Risaralda",780000000.0,False,106.0,7358490.566037736,3.0,3.0,"Apartamento en venta en maraya, pereira"
https://www.fincaraiz.com.co/casa-campestre-en-venta-en-cerritos-pereira/193606254,Cerritos,Casa Campestre,"Casa Campestre en Pereira, Risaralda",1480000000.0,False,320.0,4625000.0,4.0,5.0,"Casa campestre en venta en cerritos, pereira"
https://www.fincaraiz.com.co/casa-en-venta-en-los-corales-pereira/192758389,Los corales,Casa,"Casa en Pereira, Risaralda",600000000.0,False,120.0,5000000.0,4.0,2.0,"Casa en venta en los corales, pereira"
https://www.fincaraiz.com.co/finca-en-venta-en-combia-pereira/193309453,Combia,Finca,"Finca en Pereira, Risaralda",880000000.0,False,1000.0,880000.0,5.0,3.0,"Finca en venta en combia, pereira"
https://www.fincaraiz.com.co/apartamento-en-venta-en-centro-pereira/193312666,Sector lago uribe,Apartamento,"Apartamento en Pereira, Risaralda",260000000.0,False,70.0,3714285.714285714,2.0,2.0,"Apartamento en venta en centro, pereira"
https://www.fincaraiz.com.co/casa-campestre-en-venta-en-cerritos-pereira/192283159,Cerritos,Casa Campestre,"Casa Campestre en Pereira, Risaralda",8300000000.0,False,10000.0,830000.0,3.0,5.0,"Casa campestre en venta en cerritos, pereira"
https://www.fincaraiz.com.co/casa-en-venta-en-pereira/194227495,Aeropuerto,Casa,"Casa en Pereira, Risaralda",830000000.0,False,150.0,5533333.333333333,3.0,3.0,Casa en venta en pereira
https://www.fincaraiz.com.co/casa-en-venta-en-cerritos-pereira/192059446,Cerritos,Casa,"Casa en Pereira, Risaralda",4300000000.0,False,627.0,6858054.226475279,4.0,4.0,"Casa en  venta en cerritos, pereira"
https://www.fincaraiz.com.co/apartamento-en-venta-en-centro-pereira/193841404,Los alcazares,Apartamento,"Apartamento en Pereira, Risaralda",350000000.0,False,84.0,4166666.6666666665,3.0,2.0,"Apartamento en venta en centro, pereira"
https://www.fincaraiz.com.co/apartamento-en-venta-en-los-alamos-pereira/193901654,Los alamos,Apartamento,"Apartamento en Pereira, Risaralda",720000000.0,False,108.0,6666666.666666667,3.0,2.0,"Apartamento en venta en los alamos, pereira"
https://www.fincaraiz.com.co/casa-campestre-en-venta-en-pueblito-cafetero-pereira/193712350,Morelia,Casa Campestre,"Casa Campestre en Pereira, Risaralda",1600000000.0,False,450.0,3555555.5555555555,3.0,5.0,"Casa campestre en venta en pueblito cafetero, pereira"
https://www.fincaraiz.com.co/casa-campestre-en-venta-en-morelia-pereira/192320602,Morelia,Casa Campestre,"Casa Campestre en Pereira, Risaralda",700000000.0,False,259.0,2702702.7027027025,4.0,3.0,"Casa campestre en venta en morelia, pereira"
https://www.fincaraiz.com.co/casa-campestre-en-venta-en-combia-pereira/192320451,Combia,Casa Campestre,"Casa Campestre en Pereira, Risaralda",1800000000.0,False,1000.0,1800000.0,6.0,5.0,"Casa campestre en venta en combia, pereira"
https://www.fincaraiz.com.co/apartamento-en-venta-en-pinares-pereira/193357304,Pinares,Apartamento,"Apartamento en Pereira, Risaralda",680000000.0,False,130.0,5230769.230769231,2.0,2.0,"Apartamento en venta en pinares, pereira"
https://www.fincaraiz.com.co/apartamento-en-venta-en-pinares-pereira/193302711,Cambulos,Apartamento,"Apartamento en Pereira, Risaralda",590000000.0,False,96.0,6145833.333333333,3.0,3.0,"Apartamento en venta en pinares, pereira"
https://www.fincaraiz.com.co/casa-en-venta-en-samaria-i-etapa-pereira/193580536,Samaria i etapa,Casa,"Casa en Pereira, Risaralda",225000000.0,False,50.0,4500000.0,2.0,1.0,"Casa en venta en samaria i etapa, pereira"
https://www.fincaraiz.com.co/casa-en-venta-en-cerritos-pereira/193683900,Galicia,Casa,"Casa en Pereira, Risaralda",465000000.0,False,87.0,5344827.586206896,4.0,3.0,"Casa en venta en cerritos, pereira"
https://www.fincaraiz.com.co/apartamento-en-venta-en-villa-verde-pereira/193321824,Tribunas corcega,Apartamento,"Apartamento en Pereira, Risaralda",245000000.0,False,50.0,4900000.0,3.0,1.0,"Apartamento en venta en villa verde, pereira"
https://www.fincaraiz.com.co/apartamento-en-venta-en-pereira/193779465,Cerritos,Apartamento,"Apartamento en Pereira, Risaralda",1179000000.0,False,154.0,7655844.155844156,2.0,3.0,Apartamento en venta en pereira
https://www.fincaraiz.com.co/apartamento-en-venta-en-cerritos-pereira/193839550,Cerritos,Apartamento,"Apartamento en Pereira, Risaralda",580000000.0,False,75.0,7733333.333333333,2.0,2.0,"Apartamento en venta en cerritos, pereira"
https://www.fincaraiz.com.co/apartamento-en-venta-en-galicia-pereira/193308203,Galicia,Apartamento,"Apartamento en Pereira, Risaralda",280000000.0,False,63.0,4444444.444444444,3.0,2.0,"Apartamento en venta en galicia, pereira"
https://www.fincaraiz.com.co/casa-campestre-en-venta-en-cerritos-pereira/193071501,Cerritos,Casa Campestre,"Casa Campestre en Pereira, Risaralda",3200000000.0,False,350.0,9142857.142857144,3.0,5.0,"Casa campestre en venta en cerritos, pereira"
https://www.fincaraiz.com.co/apartamento-en-venta-en-pinares-pereira/193314162,Pinares,Apartamento,"Apartamento en Pereira, Risaralda",808000000.0,False,137.0,5897810.218978102,3.0,2.0,"Apartamento en venta en pinares, pereira"
https://www.fincaraiz.com.co/casa-en-venta-en-alfonso-lopez-pereira/192981291,Alfonso lopez,Casa,"Casa en Pereira, Risaralda",480000000.0,False,275.0,1745454.5454545454,6.0,3.0,"Casa en venta en alfonso lopez, pereira"
https://www.fincaraiz.com.co/apartaestudio-en-venta-en-aeropuerto-pereira/193504674,Cañaveral i,Apartaestudio,"Apartaestudio en Pereira, Risaralda",390000000.0,False,51.0,7647058.823529412,1.0,2.0,"Apartaestudio en venta en aeropuerto, pereira"
https://www.fincaraiz.com.co/local-en-venta-en-pinares-pereira/193309109,Los alpes,Local Comercial,"Local Comercial en Pereira, Risaralda",2600000000.0,False,337.0,7715133.53115727,4.0,6.0,"Local en venta en pinares, pereira"
https://www.fincaraiz.com.co/apartamento-en-venta-en-circunvalar-alamos-pereira/193050246,Cambulos,Apartamento,"Apartamento en Pereira, Risaralda",510000000.0,False,83.0,6144578.3132530125,3.0,3.0,"Apartamento en venta en circunvalar - alamos, pereira"
https://www.fincaraiz.com.co/casa-campestre-en-venta-en-san-jose-sur-pereira/191280055,San jose sur,Casa Campestre,"Casa Campestre en Pereira, Risaralda",1150000000.0,False,214.0,5373831.775700934,3.0,3.0,"Casa campestre en  venta en san jose sur, pereira"
https://www.fincaraiz.com.co/apartamento-en-venta-en-pereira/193978064,Mirador de panorama iii,Apartamento,"Apartamento en Pereira, Risaralda",250000000.0,False,51.0,4901960.784313725,3.0,2.0,Apartamento en venta en pereira
https://www.fincaraiz.com.co/casa-en-venta-en-maraya-pereira/193310784,Jardin de velez y velez,Casa,"Casa en Pereira, Risaralda",850000000.0,False,211.0,4028436.0189573457,5.0,3.0,"Casa en venta en maraya, pereira"
https://www.fincaraiz.com.co/apartamento-en-venta-en-centro-pereira/192625764,Sector galeria central,Apartamento,"Apartamento en Pereira, Risaralda",600000000.0,False,142.0,4225352.112676056,3.0,3.0,"Apartamento en venta en centro, pereira"
https://www.fincaraiz.com.co/casa-en-venta-en-centro-pereira/193310015,La julia,Casa,"Casa en Pereira, Risaralda",300000000.0,False,150.0,2000000.0,7.0,1.0,"Casa en venta en centro, pereira"
https://www.fincaraiz.com.co/casa-en-venta-en-san-marcos-pereira/193007420,San marcos,Casa,"Casa en Pereira, Risaralda",260000000.0,False,140.0,1857142.857142857,3.0,1.0,"Casa en venta en san marcos, pereira"
https://www.fincaraiz.com.co/apartamento-en-venta-en-pinares-pereira/192923622,Cambulos,Apartamento,"Apartamento en Pereira, Risaralda",655000000.0,False,84.0,7797619.047619048,2.0,2.0,"Apartamento en venta en pinares, pereira"
https://www.fincaraiz.com.co/apartamento-en-venta-en-corocito-pereira/193313983,Corocito,Apartamento,"Apartamento en Pereira, Risaralda",320000000.0,False,170.0,1882352.9411764706,6.0,4.0,"Apartamento en venta en corocito, pereira"
https://www.fincaraiz.com.co/casa-en-venta-en-aeropuerto-pereira/193172393,Aeropuerto,Casa,"Casa en Pereira, Risaralda",620000000.0,False,160.0,3875000.0,3.0,3.0,"Casa en venta en aeropuerto, pereira"
https://www.fincaraiz.com.co/apartamento-en-venta-en-rincon-de-unicentro-pereira/193616894,Rincon de unicentro,Apartamento,"Apartamento en Pereira, Risaralda",345000000.0,False,70.0,4928571.428571428,3.0,2.0,"Apartamento en venta en rincon de unicentro, pereira"
https://www.fincaraiz.com.co/apartamento-en-venta-en-los-alamos-pereira/192019640,Los alamos,Apartamento,"Apartamento en Pereira, Risaralda",490000000.0,False,78.0,6282051.282051282,2.0,3.0,"Apartamento en  venta en los alamos, pereira"
https://www.fincaraiz.com.co/apartamento-en-venta-en-pinares-pereira/7665047,Pinares,Apartamento,"Apartamento en Pereira, Risaralda",450000000.0,False,94.0,4787234.042553191,3.0,2.0,"Apartamento en venta en pinares, pereira"
https://www.fincaraiz.com.co/casa-campestre-en-venta-en-combia-pereira/193312912,Combia,Casa Campestre,"Casa Campestre en Pereira, Risaralda",980000000.0,False,253.0,3873517.7865612647,5.0,4.0,"Casa campestre en venta en combia, pereira"
https://www.fincaraiz.com.co/casa-en-venta-en-la-villa-pereira/193311223,La villa,Casa,"Casa en Pereira, Risaralda",420000000.0,False,88.0,4772727.2727272725,4.0,3.0,"Casa en venta en la villa, pereira"
https://www.fincaraiz.com.co/casa-en-venta-en-san-jose-sur-pereira/193307090,San jose sur,Casa,"Casa en Pereira, Risaralda",1500000000.0,False,463.0,3239740.820734341,8.0,2.0,"Casa en venta en san jose sur, pereira"
https://www.fincaraiz.com.co/casa-en-venta-en-pereira/192520546,Pereira,Casa,"Casa en Pereira, Risaralda",1200000000.0,False,300.0,4000000.0,4.0,5.0,Casa en venta en pereira
https://www.fincaraiz.com.co/casa-campestre-en-venta-en-pereira/193616880,Morelia,Casa Campestre,"Casa Campestre en Pereira, Risaralda",1800000000.0,False,307.0,5863192.182410424,4.0,3.0,Casa campestre en venta en pereira
https://www.fincaraiz.com.co/casa-campestre-en-venta-en-condina-pereira/193889199,Condina,Casa Campestre,"Casa Campestre en Pereira, Risaralda",1200000000.0,False,320.0,3750000.0,5.0,5.0,"Casa campestre en venta en condina, pereira"
https://www.fincaraiz.com.co/apartamento-en-venta-en-los-alamos-pereira/193905250,Los alamos,Apartamento,"Apartamento en Pereira, Risaralda",460000000.0,False,60.0,7666666.666666667,2.0,2.0,"Apartamento en venta en los alamos, pereira"
https://www.fincaraiz.com.co/apartamento-en-venta-en-condina-pereira/193311676,Condina,Apartamento,"Apartamento en Pereira, Risaralda",297000000.0,False,57.0,5210526.315789473,3.0,1.0,"Apartamento en venta en condina, pereira"
https://www.fincaraiz.com.co/apartamento-en-venta-en-cerritos-pereira/193312129,Cerritos,Apartamento,"Apartamento en Pereira, Risaralda",540000000.0,False,76.0,7105263.157894737,2.0,2.0,"Apartamento en venta en cerritos, pereira"
https://www.fincaraiz.com.co/apartaestudio-en-venta-en-pinares-pereira/193840565,Los angeles,Apartaestudio,"Apartaestudio en Pereira, Risaralda",450000000.0,False,52.0,8653846.153846154,1.0,2.0,"Apartaestudio en venta en pinares, pereira"
https://www.fincaraiz.com.co/casa-campestre-en-venta-en-cerritos-pereira/191382924,Cerritos,Casa Campestre,"Casa Campestre en Pereira, Risaralda",1800000000.0,False,465.0,3870967.7419354836,5.0,5.0,"Casa campestre en  venta en cerritos, pereira"
https://www.fincaraiz.com.co/casa-en-venta-en-cerritos-pereira/194246675,Cerritos,Casa,"Casa en Pereira, Risaralda",790000000.0,False,160.0,4937500.0,3.0,3.0,"Casa en venta en cerritos, pereira"
https://www.fincaraiz.com.co/finca-en-venta-en-cerritos-pereira/191072214,Cerritos,Finca,"Finca en Pereira, Risaralda",3400000000.0,False,1000.0,3400000.0,0.0,8.0,"Finca en  venta en cerritos, pereira"
https://www.fincaraiz.com.co/apartamento-en-venta-en-pinares-pereira/192550492,Pinares,Apartamento,"Apartamento en Pereira, Risaralda",540000000.0,False,96.0,5625000.0,2.0,2.0,"Apartamento en venta en pinares, pereira"
https://www.fincaraiz.com.co/apartamento-en-venta-en-avenida-30-de-agosto-pereira/193312266,Avenida 30 de agosto,Apartamento,"Apartamento en Pereira, Risaralda",950000000.0,False,235.0,4042553.1914893617,4.0,3.0,"Apartamento en venta en avenida 30 de agosto, pereira"
https://www.fincaraiz.com.co/casa-en-venta-en-pinares-pereira/192813035,Cambulos,Casa,"Casa en Pereira, Risaralda",1200000000.0,False,233.0,5150214.592274678,4.0,3.0,"Casa en venta en pinares, pereira"
https://www.fincaraiz.com.co/casa-en-venta-en-centro-pereira/192321438,Sector lago uribe,Casa,"Casa en Pereira, Risaralda",686000000.0,False,216.0,3175925.925925926,3.0,2.0,"Casa en venta en centro, pereira"
https://www.fincaraiz.com.co/casa-campestre-en-venta-en-combia-pereira/191588100,Combia,Casa Campestre,"Casa Campestre en Pereira, Risaralda",3000000000.0,False,386.0,7772020.725388601,5.0,5.0,"Casa campestre en venta en combia, pereira"
https://www.fincaraiz.com.co/apartamento-en-venta-en-pereira/192320669,El plumon alto,Apartamento,"Apartamento en Pereira, Risaralda",670000000.0,False,142.0,4718309.859154929,3.0,3.0,Apartamento en venta en pereira
https://www.fincaraiz.com.co/apartamento-en-venta-en-pereira/193992233,Samaria i etapa,Apartamento,"Apartamento en Pereira, Risaralda",285000000.0,False,54.0,5277777.777777778,3.0,2.0,Apartamento en venta en pereira
https://www.fincaraiz.com.co/casa-campestre-en-venta-en-combia-pereira/193230912,Combia,Casa Campestre,"Casa Campestre en Pereira, Risaralda",2400000000.0,False,2500.0,960000.0,5.0,8.0,"Casa campestre en venta en combia, pereira"
https://www.fincaraiz.com.co/finca-en-venta-en-pereira/192321273,Arabia,Finca,"Finca en Pereira, Risaralda",750000000.0,False,2000.0,375000.0,5.0,2.0,Finca en venta en pereira
https://www.fincaraiz.com.co/casa-campestre-en-venta-en-condina-pereira/192654913,Condina,Casa Campestre,"Casa Campestre en Pereira, Risaralda",1450000000.0,False,300.0,4833333.333333333,4.0,4.0,"Casa campestre en venta en condina, pereira"
https://www.fincaraiz.com.co/apartamento-en-venta-en-condina-pereira/194005071,Condina,Apartamento,"Apartamento en Pereira, Risaralda",330000000.0,False,58.0,5689655.172413793,3.0,2.0,"Apartamento en venta en condina, pereira"
https://www.fincaraiz.com.co/casa-en-venta-en-los-alamos-pereira/193925090,Los angeles,Casa,"Casa en Pereira, Risaralda",1290000000.0,False,278.0,4640287.769784173,5.0,3.0,"Casa en venta en los alamos, pereira"
https://www.fincaraiz.com.co/apartamento-en-venta-en-pereira/193741910,C. comercial la 14,Apartamento,"Apartamento en Pereira, Risaralda",550000000.0,False,96.0,5729166.666666667,3.0,2.0,Apartamento en venta en pereira
https://www.fincaraiz.com.co/apartamento-en-venta-en-pereira/193413474,Sector 30 de agosto,Apartamento,"Apartamento en Pereira, Risaralda",595000000.0,False,74.0,8040540.540540541,3.0,2.0,Apartamento en venta en pereira
https://www.fincaraiz.com.co/apartamento-en-venta-en-pinares-pereira/193841443,Cambulos,Apartamento,"Apartamento en Pereira, Risaralda",450000000.0,False,138.0,3260869.565217391,4.0,3.0,"Apartamento en venta en pinares, pereira"
https://www.fincaraiz.com.co/apartamento-en-venta-en-condina-pereira/193874630,Santa juana de las villas,Apartamento,"Apartamento en Pereira, Risaralda",360000000.0,False,56.0,6428571.428571428,3.0,2.0,"Apartamento en venta en condina, pereira"
https://www.fincaraiz.com.co/apartamento-en-venta-en-los-alpes-pereira/192913460,San jose sur,Apartamento,"Apartamento en Pereira, Risaralda",600000000.0,False,90.0,6666666.666666667,3.0,2.0,"Apartamento en venta en los alpes, pereira"
https://www.fincaraiz.com.co/casa-en-venta-en-pereira/193310549,Santa ines,Casa,"Casa en Pereira, Risaralda",460000000.0,False,110.0,4181818.1818181816,3.0,3.0,Casa en venta en pereira
https://www.fincaraiz.com.co/casa-campestre-en-venta-en-combia-pereira/191316055,Combia,Casa Campestre,"Casa Campestre en Pereira, Risaralda",1250000000.0,False,650.0,1923076.923076923,6.0,7.0,"Casa campestre en  venta en combia, pereira"
https://www.fincaraiz.com.co/casa-campestre-en-venta-en-tribunas-corcega-pereira/193102750,Tribunas corcega,Casa Campestre,"Casa Campestre en Pereira, Risaralda",1250000000.0,False,1550.0,806451.6129032258,3.0,4.0,"Casa campestre en venta en tribunas corcega, pereira"
https://www.fincaraiz.com.co/casa-campestre-en-venta-en-condina-pereira/192837914,Batara,Casa Campestre,"Casa Campestre en Pereira, Risaralda",1580000000.0,False,340.0,4647058.823529412,5.0,4.0,"Casa campestre en venta en condina, pereira"
https://www.fincaraiz.com.co/edificio-en-venta-en-centro-pereira/192822165,Sector lago uribe,Edificio,"Edificio en Pereira, Risaralda",1500000000.0,False,300.0,5000000.0,0.0,10.0,"Edificio en venta en centro, pereira"
https://www.fincaraiz.com.co/casa-en-venta-en-galicia-pereira/193151068,Galicia,Casa,"Casa en Pereira, Risaralda",360000000.0,False,60.0,6000000.0,2.0,3.0,"Casa en venta en galicia, pereira"
https://www.fincaraiz.com.co/casa-en-venta-en-avenida-30-de-agosto-pereira/192549681,Avenida 30 de agosto,Casa,"Casa en Pereira, Risaralda",980000000.0,False,164.0,5975609.756097561,5.0,4.0,"Casa en venta en avenida 30 de agosto, pereira"
https://www.fincaraiz.com.co/apartaestudio-en-venta-en-pinares-pereira/194221547,Pinares,Apartaestudio,"Apartaestudio en Pereira, Risaralda",298000000.0,False,37.0,8054054.054054054,1.0,1.0,"Apartaestudio en venta en pinares, pereira"
https://www.fincaraiz.com.co/apartamento-en-venta-en-cuba-pereira/193313281,Hacienda cuba,Apartamento,"Apartamento en Pereira, Risaralda",175000000.0,False,42.0,4166666.6666666665,3.0,1.0,"Apartamento en venta en cuba, pereira"
https://www.fincaraiz.com.co/casa-en-venta-en-zona-deportiva-villa-olimpica-pereira/193754720,Zona deportiva villa olimpica,Casa,"Casa en Pereira, Risaralda",350000000.0,False,78.0,4487179.487179487,3.0,3.0,"Casa en venta en zona deportiva villa olimpica, pereira"
https://www.fincaraiz.com.co/casa-campestre-en-venta-en-cerritos-pereira/193234083,Cerritos,Casa Campestre,"Casa Campestre en Pereira, Risaralda",3900000000.0,False,614.0,6351791.530944626,3.0,3.0,"Casa campestre en venta en cerritos, pereira"
https://www.fincaraiz.com.co/apartamento-en-venta-en-cerritos-pereira/193657466,Galicia,Apartamento,"Apartamento en Pereira, Risaralda",560000000.0,False,70.0,8000000.0,3.0,2.0,"Apartamento en venta en cerritos, pereira"
https://www.fincaraiz.com.co/edificio-en-venta-en-pinares-pereira/192386671,Cambulos,Edificio,"Edificio en Pereira, Risaralda",3500000000.0,False,490.0,7142857.142857143,8.0,8.0,"Edificio en venta en pinares, pereira"
https://www.fincaraiz.com.co/apartamento-en-venta-en-pereira/192157164,Pereira,Apartamento,"Apartamento en Pereira, Risaralda",290000000.0,False,61.0,4754098.360655738,3.0,2.0,Apartamento en  venta en pereira
https://www.fincaraiz.com.co/apartamento-en-venta-en-gamma-pereira/193301349,Urb. villa olimpica ii,Apartamento,"Apartamento en Pereira, Risaralda",460000000.0,False,187.0,2459893.0481283423,3.0,3.0,"Apartamento en venta en gamma, pereira"
https://www.fincaraiz.com.co/apartamento-en-venta-en-pinares-pereira/193544312,Cambulos,Apartamento,"Apartamento en Pereira, Risaralda",700000000.0,False,92.0,7608695.652173913,2.0,2.0,"Apartamento en venta en pinares, pereira"
https://www.fincaraiz.com.co/casa-campestre-en-venta-en-condina-pereira/192320462,Condina,Casa Campestre,"Casa Campestre en Pereira, Risaralda",2600000000.0,False,580.0,4482758.620689655,5.0,3.0,"Casa campestre en venta en condina, pereira"
https://www.fincaraiz.com.co/apartamento-en-venta-en-cerritos-pereira/193338806,Cerritos,Apartamento,"Apartamento en Pereira, Risaralda",2400000000.0,False,240.0,10000000.0,4.0,5.0,"Apartamento en venta en cerritos, pereira"
https://www.fincaraiz.com.co/apartamento-en-venta-en-pereira/191494154,Los angeles,Apartamento,"Apartamento en Pereira, Risaralda",600000000.0,False,138.0,4347826.0869565215,3.0,2.0,Apartamento en  venta en pereira
https://www.fincaraiz.com.co/casa-en-venta-en-galicia-pereira/194150422,Cerritos,Casa,"Casa en Pereira, Risaralda",340000000.0,False,70.0,4857142.857142857,3.0,2.0,"Casa en venta en galicia, pereira"
https://www.fincaraiz.com.co/apartamento-en-venta-en-pereira/194180080,Jardines del nogal,Apartamento,"Apartamento en Pereira, Risaralda",410000000.0,False,68.0,6029411.764705882,3.0,2.0,Apartamento en venta en pereira
https://www.fincaraiz.com.co/casa-en-venta-en-cerritos-pereira/193358674,Cerritos,Casa,"Casa en Pereira, Risaralda",2530000000.0,False,700.0,3614285.714285714,8.0,9.0,"Casa en venta en cerritos, pereira"
https://www.fincaraiz.com.co/casa-en-venta-en-centro-pereira/193542458,Los nogales,Casa,"Casa en Pereira, Risaralda",480000000.0,False,138.0,3478260.8695652173,7.0,2.0,"Casa en venta en centro, pereira"
https://www.fincaraiz.com.co/apartamento-en-venta-en-los-alpes-pereira/193227780,Los alpes,Apartamento,"Apartamento en Pereira, Risaralda",800000000.0,False,129.0,6201550.3875969,3.0,3.0,"Apartamento en venta en los alpes, pereira"
https://www.fincaraiz.com.co/apartamento-en-venta-en-pinares-pereira/193503779,Pinares,Apartamento,"Apartamento en Pereira, Risaralda",1090000000.0,False,258.84,4211095.657549066,4.0,5.0,"Apartamento en venta en pinares, pereira"
https://www.fincaraiz.com.co/casa-en-venta-en-centro-pereira/192321505,Santander,Casa,"Casa en Pereira, Risaralda",330000000.0,False,284.0,1161971.8309859154,6.0,3.0,"Casa en venta en centro, pereira"
https://www.fincaraiz.com.co/edificio-en-venta-en-sector-plaza-de-bolivar-pereira/193688634,San jorge,Edificio,"Edificio en Pereira, Risaralda",5100000000.0,False,664.0,7680722.891566265,4.0,1.0,"Edificio en venta en sector plaza de bolivar, pereira"
https://www.fincaraiz.com.co/apartamento-en-venta-en-pinares-pereira/193440769,Cambulos,Apartamento,"Apartamento en Pereira, Risaralda",800000000.0,False,94.0,8510638.29787234,3.0,2.0,"Apartamento en venta en pinares, pereira"
https://www.fincaraiz.com.co/casa-campestre-en-venta-en-combia-pereira/194061406,Combia baja,Casa Campestre,"Casa Campestre en Pereira, Risaralda",1800000000.0,False,411.0,4379562.04379562,6.0,5.0,"Casa campestre en venta en combia, pereira"
https://www.fincaraiz.com.co/apartamento-en-venta-en-villa-verde-pereira/193307431,Tribunas corcega,Apartamento,"Apartamento en Pereira, Risaralda",320000000.0,False,56.0,5714285.714285715,3.0,2.0,"Apartamento en venta en villa verde, pereira"
https://www.fincaraiz.com.co/casa-campestre-en-venta-en-las-margaritas-pereira/192053154,Las margaritas,Casa Campestre,"Casa Campestre en Pereira, Risaralda",1400000000.0,False,290.0,4827586.206896552,6.0,6.0,"Casa campestre en  venta en las margaritas, pereira"
https://www.fincaraiz.com.co/apartamento-en-venta-en-avenida-30-de-agosto-pereira/193313239,Avenida 30 de agosto,Apartamento,"Apartamento en Pereira, Risaralda",500000000.0,False,180.0,2777777.777777778,5.0,4.0,"Apartamento en venta en avenida 30 de agosto, pereira"
https://www.fincaraiz.com.co/casa-en-venta-en-perla-del-sur-pereira/193700085,Condina,Casa,"Casa en Pereira, Risaralda",700000000.0,False,290.0,2413793.103448276,9.0,3.0,"Casa en venta en perla del sur, pereira"
https://www.fincaraiz.com.co/apartamento-en-venta-en-palmas-de-belmonte-pereira/192782043,Puerto madero ii,Apartamento,"Apartamento en Pereira, Risaralda",360000000.0,False,120.0,3000000.0,3.0,2.0,"Apartamento en venta en palmas de belmonte, pereira"
https://www.fincaraiz.com.co/finca-en-venta-en-pereira/193361557,Tribunas corcega,Finca,"Finca en Pereira, Risaralda",1900000000.0,False,250.0,7600000.0,7.0,5.0,Finca en venta en pereira
https://www.fincaraiz.com.co/casa-en-venta-en-altagracia-pereira/191965374,Hacienda cuba,Casa,"Casa en Pereira, Risaralda",400000000.0,False,170.0,2352941.1764705884,3.0,3.0,"Casa en  venta en altagracia, pereira"
https://www.fincaraiz.com.co/casa-campestre-en-venta-en-cerritos-pereira/193302982,Cerritos,Casa Campestre,"Casa Campestre en Pereira, Risaralda",1400000000.0,False,400.0,3500000.0,5.0,4.0,"Casa campestre en venta en cerritos, pereira"
https://www.fincaraiz.com.co/oficina-en-venta-en-centro-pereira/193304204,Sector plaza de bolivar,Oficina,"Oficina en Pereira, Risaralda",140000000.0,False,42.0,3333333.3333333335,1.0,1.0,"Oficina en venta en centro, pereira"
https://www.fincaraiz.com.co/apartamento-en-venta-en-galicia-pereira/193452824,Galicia,Apartamento,"Apartamento en Pereira, Risaralda",260000000.0,False,62.0,4193548.3870967743,3.0,2.0,"Apartamento en venta en galicia, pereira"
https://www.fincaraiz.com.co/apartamento-en-venta-en-pereira/193840439,Jardines de tanambi,Apartamento,"Apartamento en Pereira, Risaralda",440000000.0,False,69.0,6376811.594202898,2.0,2.0,Apartamento en venta en pereira
https://www.fincaraiz.com.co/apartamento-en-venta-en-america-pereira/191370564,America,Apartamento,"Apartamento en Pereira, Risaralda",250000000.0,False,70.0,3571428.5714285714,3.0,2.0,"Apartamento en  venta en america, pereira"
https://www.fincaraiz.com.co/apartamento-en-venta-en-sector-belmonte-pereira/193588908,Sector belmonte,Apartamento,"Apartamento en Pereira, Risaralda",420000000.0,False,68.0,6176470.588235294,2.0,2.0,"Apartamento en venta en sector belmonte, pereira"
https://www.fincaraiz.com.co/apartaestudio-en-venta-en-pinares-pereira/193747620,Pinares,Apartaestudio,"Apartaestudio en Pereira, Risaralda",265000000.0,False,35.0,7571428.571428572,1.0,2.0,"Apartaestudio en venta en pinares, pereira"
https://www.fincaraiz.com.co/apartamento-en-venta-en-centro-pereira/192776207,San jorge,Apartamento,"Apartamento en Pereira, Risaralda",320000000.0,False,110.0,2909090.909090909,3.0,2.0,"Apartamento en venta en centro, pereira"
https://www.fincaraiz.com.co/casa-en-venta-en-pueblito-cafetero-pereira/193310300,Pueblito Cafetero,Casa,"Casa en Pereira, Risaralda",810000000.0,False,154.0,5259740.2597402595,3.0,4.0,"Casa en venta en pueblito cafetero, pereira"
https://www.fincaraiz.com.co/apartamento-en-venta-en-sector-plaza-de-bolivar-pereira/193449597,Sector plaza de bolivar,Apartamento,"Apartamento en Pereira, Risaralda",290000000.0,False,162.0,1790123.4567901234,5.0,3.0,"Apartamento en venta en sector plaza de bolivar, pereira"
https://www.fincaraiz.com.co/casa-en-venta-en-corocito-pereira/193885681,La julia,Casa,"Casa en Pereira, Risaralda",550000000.0,False,350.0,1571428.5714285714,2.0,4.0,"Casa en venta en corocito, pereira"
https://www.fincaraiz.com.co/apartamento-en-venta-en-pereira/192818703,Pereira,Apartamento,"Apartamento en Pereira, Risaralda",350000000.0,False,131.0,2671755.7251908397,3.0,2.0,Apartamento en venta en pereira
https://www.fincaraiz.com.co/apartaestudio-en-venta-en-cerritos-pereira/193745615,Galicia,Apartaestudio,"Apartaestudio en Pereira, Risaralda",409000000.0,False,60.0,6816666.666666667,1.0,2.0,"Apartaestudio en venta en cerritos, pereira"
https://www.fincaraiz.com.co/casa-campestre-en-venta-en-combia-pereira/192225582,Combia baja,Casa Campestre,"Casa Campestre en Pereira, Risaralda",1300000000.0,False,305.0,4262295.081967213,4.0,4.0,"Casa campestre en  venta en combia, pereira"
https://www.fincaraiz.com.co/local-en-venta-en-circunvalar-alamos-pereira/192833683,Sector plaza de bolivar,Local Comercial,"Local Comercial en Pereira, Risaralda",730000000.0,False,183.0,3989071.038251366,2.0,2.0,"Local en venta en circunvalar - alamos, pereira"
https://www.fincaraiz.com.co/apartamento-en-venta-en-condina-pereira/193396377,Morelia,Apartamento,"Apartamento en Pereira, Risaralda",295000000.0,False,56.0,5267857.142857143,2.0,2.0,"Apartamento en venta en condina, pereira"
https://www.fincaraiz.com.co/apartamento-en-venta-en-avenida-30-de-agosto-pereira/192321449,Avenida 30 de agosto,Apartamento,"Apartamento en Pereira, Risaralda",265000000.0,False,49.0,5408163.265306123,2.0,2.0,"Apartamento en venta en avenida 30 de agosto, pereira"
https://www.fincaraiz.com.co/casa-campestre-en-venta-en-combia-pereira/191847743,Combia,Casa Campestre,"Casa Campestre en Pereira, Risaralda",1450000000.0,False,220.0,6590909.090909091,4.0,3.0,"Casa campestre en  venta en combia, pereira"
https://www.fincaraiz.com.co/casa-en-venta-en-pereira/193840562,Combia baja,Casa,"Casa en Pereira, Risaralda",1300000000.0,False,450.0,2888888.888888889,5.0,5.0,Casa en venta en pereira
https://www.fincaraiz.com.co/casa-en-venta-en-combia-pereira/193029852,Combia,Casa,"Casa en Pereira, Risaralda",947462318.0,False,1510.0,627458.4887417218,4.0,4.0,"Casa en venta en combia, pereira"
https://www.fincaraiz.com.co/casa-campestre-en-venta-en-pereira/193266087,Cerritos,Casa Campestre,"Casa Campestre en Pereira, Risaralda",5200000000.0,False,800.0,6500000.0,4.0,6.0,Casa campestre en venta en pereira
https://www.fincaraiz.com.co/casa-en-venta-en-dosquebradas/193302020,La enseñanza,Casa,"Casa en Pereira, Risaralda",180000000.0,False,120.0,1500000.0,4.0,2.0,Casa en venta en dosquebradas
https://www.fincaraiz.com.co/apartamento-en-venta-en-pereira/193304011,El campin i-ii,Apartamento,"Apartamento en Pereira, Risaralda",500000000.0,False,79.0,6329113.924050633,3.0,2.0,Apartamento en venta en pereira
https://www.fincaraiz.com.co/apartaestudio-en-venta-en-gamma-pereira/192320213,Gamma,Apartaestudio,"Apartaestudio en Pereira, Risaralda",250000000.0,False,6.0,41666666.666666664,3.0,3.0,"Apartaestudio en venta en gamma, pereira"
https://www.fincaraiz.com.co/casa-campestre-en-venta-en-pereira/193967762,San jose,Casa Campestre,"Casa Campestre en Pereira, Risaralda",2800000000.0,False,477.0,5870020.964360587,4.0,5.0,Casa campestre en venta en pereira
https://www.fincaraiz.com.co/apartamento-en-venta-en-pinares-pereira/193274490,Pinares,Apartamento,"Apartamento en Pereira, Risaralda",430000000.0,False,105.0,4095238.095238095,3.0,2.0,"Apartamento en venta en pinares, pereira"
https://www.fincaraiz.com.co/apartamento-en-venta-en-san-luis-gonzaga-pereira/193522190,San luis gonzaga,Apartamento,"Apartamento en Pereira, Risaralda",210000000.0,False,66.0,3181818.1818181816,3.0,2.0,"Apartamento en venta en san luis gonzaga, pereira"
https://www.fincaraiz.com.co/apartamento-en-venta-en-pinares-pereira/193574943,Los angeles,Apartamento,"Apartamento en Pereira, Risaralda",800000000.0,False,160.0,5000000.0,3.0,3.0,"Apartamento en venta en pinares, pereira"
https://www.fincaraiz.com.co/casa-en-venta-en-combia-pereira/194221119,Combia,Casa,"Casa en Pereira, Risaralda",1800000000.0,False,280.0,6428571.428571428,4.0,5.0,"Casa en venta en combia, pereira"
https://www.fincaraiz.com.co/casa-campestre-en-venta-en-tribunas-corcega-pereira/193466677,Tribunas corcega,Casa Campestre,"Casa Campestre en Pereira, Risaralda",1300000000.0,False,2632.0,493920.9726443769,4.0,5.0,"Casa campestre en venta en tribunas corcega, pereira"
https://www.fincaraiz.com.co/apartamento-en-venta-en-centenario-pereira/193429522,Los profesionales,Apartamento,"Apartamento en Pereira, Risaralda",300000000.0,False,52.0,5769230.769230769,3.0,2.0,"Apartamento en venta en centenario, pereira"
https://www.fincaraiz.com.co/apartamento-en-venta-en-circunvalar-alamos-pereira/193308885,Cambulos,Apartamento,"Apartamento en Pereira, Risaralda",900000000.0,False,200.0,4500000.0,4.0,4.0,"Apartamento en venta en circunvalar - alamos, pereira"
https://www.fincaraiz.com.co/casa-en-venta-en-popular-modelo-pereira/193302761,Alfonso lopez,Casa,"Casa en Pereira, Risaralda",900000000.0,False,276.0,3260869.565217391,5.0,4.0,"Casa en venta en popular modelo, pereira"
https://www.fincaraiz.com.co/casa-campestre-en-venta-en-cerritos-pereira/191885021,Cerritos,Casa Campestre,"Casa Campestre en Pereira, Risaralda",5990000000.0,False,800.0,7487500.0,5.0,6.0,"Casa campestre en  venta en cerritos, pereira"
https://www.fincaraiz.com.co/finca-en-venta-en-pereira/192321874,Sector lago uribe,Finca,"Finca en Pereira, Risaralda",1500000000.0,False,121085.0,12387.991906511954,13.0,10.0,Finca en venta en pereira
https://www.fincaraiz.com.co/casa-en-venta-en-galicia-pereira/193818043,Galicia,Casa,"Casa en Pereira, Risaralda",445000000.0,False,112.0,3973214.285714286,3.0,3.0,"Casa en venta en galicia, pereira"
https://www.fincaraiz.com.co/casa-en-venta-en-pereira/193302294,Santa juana de las villas,Casa,"Casa en Pereira, Risaralda",630000000.0,False,156.0,4038461.5384615385,5.0,5.0,Casa en venta en pereira
https://www.fincaraiz.com.co/apartamento-en-venta-en-san-jose-sur-pereira/193312084,San jose sur,Apartamento,"Apartamento en Pereira, Risaralda",385000000.0,False,56.0,6875000.0,2.0,2.0,"Apartamento en venta en san jose sur, pereira"
https://www.fincaraiz.com.co/oficina-en-venta-en-centro-pereira/192625526,Olaya herrera,Oficina,"Oficina en Pereira, Risaralda",165000000.0,False,43.0,3837209.302325581,2.0,1.0,"Oficina en venta en centro, pereira"
https://www.fincaraiz.com.co/apartaestudio-en-venta-en-el-prado-pereira/193055802,El prado,Apartaestudio,"Apartaestudio en Pereira, Risaralda",360000000.0,False,42.0,8571428.57142857,1.0,1.0,"Apartaestudio en venta en el prado, pereira"
https://www.fincaraiz.com.co/casa-en-venta-en-el-jardin-pereira/192966512,Bosques de Santa Elena,Casa,"Casa en Pereira, Risaralda",600000000.0,False,120.0,5000000.0,3.0,4.0,"Casa en venta en el jardin, pereira"
https://www.fincaraiz.com.co/apartamento-en-venta-en-portal-de-los-cedros-pereira/193459317,Portal de los cedros,Apartamento,"Apartamento en Pereira, Risaralda",530000000.0,False,77.0,6883116.883116883,2.0,2.0,"Apartamento en venta en portal de los cedros, pereira"
https://www.fincaraiz.com.co/casa-campestre-en-venta-en-cerritos-pereira/192979034,Cerritos,Casa Campestre,"Casa Campestre en Pereira, Risaralda",2300000000.0,False,330.0,6969696.96969697,4.0,5.0,"Casa campestre en venta en cerritos, pereira"
https://www.fincaraiz.com.co/casa-campestre-en-venta-en-cerritos-pereira/8205946,Cerritos,Casa Campestre,"Casa Campestre en Pereira, Risaralda",1700000000.0,False,1500.0,1133333.3333333333,3.0,3.0,"Casa campestre en venta en cerritos, pereira"
https://www.fincaraiz.com.co/casa-en-venta-en-centro-pereira/194109928,San jorge,Casa,"Casa en Pereira, Risaralda",1200000000.0,False,340.0,3529411.7647058824,6.0,6.0,"Casa en venta en centro, pereira"
https://www.fincaraiz.com.co/apartamento-en-venta-en-bosques-de-santa-elena-pereira/193277963,Bosques de Santa Elena,Apartamento,"Apartamento en Pereira, Risaralda",550000000.0,False,85.0,6470588.235294118,3.0,2.0,"Apartamento en venta en bosques de santa elena, pereira"
https://www.fincaraiz.com.co/casa-campestre-en-venta-en-morelia-pereira/192745394,Morelia,Casa Campestre,"Casa Campestre en Pereira, Risaralda",1550000000.0,False,400.0,3875000.0,5.0,3.0,"Casa campestre en venta en morelia, pereira"
https://www.fincaraiz.com.co/apartamento-en-venta-en-pinares-pereira/192608843,Cambulos,Apartamento,"Apartamento en Pereira, Risaralda",637598930.0,False,82.0,7775596.707317073,2.0,2.0,"Apartamento en venta en pinares, pereira"
https://www.fincaraiz.com.co/apartaestudio-en-venta-en-san-marcos-pereira/193303639,San marcos,Apartaestudio,"Apartaestudio en Pereira, Risaralda",270000000.0,False,57.0,4736842.105263158,1.0,2.0,"Apartaestudio en venta en san marcos, pereira"
https://www.fincaraiz.com.co/casa-en-venta-en-combia-pereira/193605479,Combia baja,Casa,"Casa en Pereira, Risaralda",3000000000.0,False,550.0,5454545.454545454,6.0,8.0,"Casa en venta en combia, pereira"
https://www.fincaraiz.com.co/casa-en-venta-en-bavaria-pereira/194238034,Los alcazares,Casa,"Casa en Pereira, Risaralda",450000000.0,False,177.0,2542372.881355932,5.0,2.0,"Casa en venta en bavaria, pereira"
https://www.fincaraiz.com.co/casa-en-venta-en-condina-pereira/191985130,Batara,Casa,"Casa en Pereira, Risaralda",1650000000.0,False,650.0,2538461.5384615385,4.0,5.0,"Casa en  venta en condina, pereira"
https://www.fincaraiz.com.co/apartamento-en-venta-en-galicia-pereira/193771221,Galicia,Apartamento,"Apartamento en Pereira, Risaralda",280000000.0,False,59.0,4745762.711864407,3.0,2.0,"Apartamento en venta en galicia, pereira"
https://www.fincaraiz.com.co/casa-en-venta-en-centro-pereira/193921214,Alfonso lopez,Casa,"Casa en Pereira, Risaralda",600000000.0,False,174.0,3448275.8620689656,7.0,3.0,"Casa en venta en centro, pereira"
https://www.fincaraiz.com.co/casa-en-venta-en-pereira/193301332,Catalan,Casa,"Casa en Pereira, Risaralda",3000000000.0,False,2200.0,1363636.3636363635,9.0,4.0,Casa en venta en pereira
https://www.fincaraiz.com.co/casa-en-venta-en-pinares-pereira/193311424,Pinares,Casa,"Casa en Pereira, Risaralda",1000000000.0,False,180.0,5555555.555555556,3.0,3.0,"Casa en venta en pinares, pereira"
https://www.fincaraiz.com.co/apartamento-en-venta-en-pereira/193304394,Las margaritas,Apartamento,"Apartamento en Pereira, Risaralda",850000000.0,False,182.0,4670329.67032967,5.0,4.0,Apartamento en venta en pereira
https://www.fincaraiz.com.co/casa-en-venta-en-pereira/192246437,Sector belmonte,Casa,"Casa en Pereira, Risaralda",560000000.0,False,118.0,4745762.711864407,3.0,3.0,Casa en  venta en pereira
https://www.fincaraiz.com.co/casa-campestre-en-venta-en-cerritos-pereira/10530990,Cerritos,Casa Campestre,"Casa Campestre en Pereira, Risaralda",2000000000.0,False,400.0,5000000.0,5.0,5.0,"Casa campestre en venta en cerritos, pereira"
https://www.fincaraiz.com.co/finca-en-venta-en-pereira/193336345,Tribunas corcega,Finca,"Finca en Pereira, Risaralda",850000000.0,False,200.0,4250000.0,4.0,3.0,Finca en venta en pereira
https://www.fincaraiz.com.co/casa-campestre-en-venta-en-pereira/192477166,San jose sur,Casa Campestre,"Casa Campestre en Pereira, Risaralda",850000000.0,False,190.0,4473684.2105263155,3.0,3.0,Casa campestre en venta en pereira
https://www.fincaraiz.com.co/apartamento-en-venta-en-los-alpes-pereira/192296732,Cambulos,Apartamento,"Apartamento en Pereira, Risaralda",980000000.0,False,75.0,13066666.666666666,2.0,3.0,"Apartamento en venta en los alpes, pereira"
https://www.fincaraiz.com.co/casa-en-venta-en-cerritos-pereira/193960346,Cerritos,Casa,"Casa en Pereira, Risaralda",1400000000.0,False,320.0,4375000.0,3.0,4.0,"Casa en venta en cerritos, pereira"
https://www.fincaraiz.com.co/finca-en-venta-en-la-bella-pereira/193726088,La bella,Finca,"Finca en Pereira, Risaralda",7500000000.0,False,46000.0,163043.47826086957,3.0,1.0,"Finca en venta en la bella, pereira"
https://www.fincaraiz.com.co/apartamento-en-venta-en-pereira/193302993,El dorado,Apartamento,"Apartamento en Pereira, Risaralda",550000000.0,False,87.0,6321839.08045977,3.0,2.0,Apartamento en venta en pereira
https://www.fincaraiz.com.co/casa-campestre-en-venta-en-condina-pereira/192636633,Condina,Casa Campestre,"Casa Campestre en Pereira, Risaralda",2200000000.0,False,650.0,3384615.3846153845,3.0,6.0,"Casa campestre en venta en condina, pereira"
https://www.fincaraiz.com.co/apartamento-en-venta-en-dosquebradas/194073019,Remigio antonio canarte,Apartamento,"Apartamento en Pereira, Risaralda",220000000.0,False,48.0,4583333.333333333,3.0,1.0,Apartamento en venta en dosquebradas
https://www.fincaraiz.com.co/casa-campestre-en-venta-en-cerritos-pereira/193255128,Cerritos,Casa Campestre,"Casa Campestre en Pereira, Risaralda",1950000000.0,False,400.0,4875000.0,4.0,5.0,"Casa campestre en venta en cerritos, pereira"
https://www.fincaraiz.com.co/apartamento-en-venta-en-san-jose-sur-pereira/194174845,San jose,Apartamento,"Apartamento en Pereira, Risaralda",470000000.0,False,73.0,6438356.164383561,3.0,2.0,"Apartamento en venta en san jose sur, pereira"
https://www.fincaraiz.com.co/apartamento-en-venta-en-pinares-pereira/193841054,Los alpes,Apartamento,"Apartamento en Pereira, Risaralda",810000000.0,False,170.0,4764705.882352941,5.0,3.0,"Apartamento en venta en pinares, pereira"
https://www.fincaraiz.com.co/casa-en-venta-en-pereira/192551764,Santa ines,Casa,"Casa en Pereira, Risaralda",650000000.0,False,240.0,2708333.3333333335,6.0,3.0,Casa en venta en pereira
https://www.fincaraiz.com.co/apartamento-en-venta-en-avenida-30-de-agosto-pereira/192321021,Avenida 30 de agosto,Apartamento,"Apartamento en Pereira, Risaralda",260000000.0,False,49.0,5306122.448979592,2.0,2.0,"Apartamento en venta en avenida 30 de agosto, pereira"
https://www.fincaraiz.com.co/casa-en-venta-en-el-retiro-pereira/193449608,El retiro,Casa,"Casa en Pereira, Risaralda",730000000.0,False,264.0,2765151.515151515,4.0,3.0,"Casa en venta en el retiro, pereira"
https://www.fincaraiz.com.co/casa-en-venta-en-samaria-i-etapa-pereira/193440587,Samaria i etapa,Casa,"Casa en Pereira, Risaralda",340000000.0,False,120.0,2833333.3333333335,5.0,3.0,"Casa en venta en samaria i etapa, pereira"
https://www.fincaraiz.com.co/casa-campestre-en-venta-en-combia-baja-pereira/191972854,Combia baja,Casa Campestre,"Casa Campestre en Pereira, Risaralda",1500000000.0,False,3700.0,405405.4054054054,7.0,4.0,"Casa campestre en  venta en combia baja, pereira"
https://www.fincaraiz.com.co/apartamento-en-venta-en-centro-pereira/193374378,Sector plaza de bolivar,Apartamento,"Apartamento en Pereira, Risaralda",300000000.0,False,118.0,2542372.881355932,4.0,3.0,"Apartamento en venta en centro, pereira"
https://www.fincaraiz.com.co/casa-campestre-en-venta-en-pereira/194080488,Cerritos,Casa Campestre,"Casa Campestre en Pereira, Risaralda",980000000.0,False,415.0,2361445.7831325303,1.0,3.0,Casa campestre en venta en pereira
https://www.fincaraiz.com.co/apartaestudio-en-venta-en-cerritos-pereira/193376671,Cerritos,Apartaestudio,"Apartaestudio en Pereira, Risaralda",533000000.0,False,82.0,6500000.0,1.0,1.0,"Apartaestudio en venta en cerritos, pereira"
https://www.fincaraiz.com.co/apartamento-en-venta-en-cerritos-pereira/193305258,Cerritos,Apartamento,"Apartamento en Pereira, Risaralda",540000000.0,False,78.0,6923076.923076923,3.0,2.0,"Apartamento en venta en cerritos, pereira"
https://www.fincaraiz.com.co/casa-campestre-en-venta-en-condina-pereira/194115803,Condina,Casa Campestre,"Casa Campestre en Pereira, Risaralda",1900000000.0,False,400.0,4750000.0,5.0,5.0,"Casa campestre en venta en condina, pereira"
https://www.fincaraiz.com.co/oficina-en-venta-en-los-alpes-pereira/192730330,San jose sur,Oficina,"Oficina en Pereira, Risaralda",245000000.0,False,32.0,7656250.0,1.0,1.0,"Oficina en venta en los alpes, pereira"
https://www.fincaraiz.com.co/casa-campestre-en-venta-en-pereira/192321007,Arabia,Casa Campestre,"Casa Campestre en Pereira, Risaralda",380000000.0,False,200.0,1900000.0,1.0,2.0,Casa campestre en venta en pereira
https://www.fincaraiz.com.co/casa-en-venta-en-pereira/193684456,El dorado,Casa,"Casa en Pereira, Risaralda",600000000.0,False,165.0,3636363.6363636362,4.0,3.0,Casa en venta en pereira
https://www.fincaraiz.com.co/apartamento-en-venta-en-los-alamos-pereira/8051887,Los angeles,Apartamento,"Apartamento en Pereira, Risaralda",1500000000.0,False,180.0,8333333.333333333,4.0,3.0,"Apartamento en venta en los alamos, pereira"
https://www.fincaraiz.com.co/casa-en-venta-en-pinares-pereira/192540724,Cambulos,Casa,"Casa en Pereira, Risaralda",1200000000.0,False,233.0,5150214.592274678,3.0,3.0,"Casa en venta en pinares, pereira"
https://www.fincaraiz.com.co/apartamento-en-venta-en-pinares-pereira/193312590,Pinares,Apartamento,"Apartamento en Pereira, Risaralda",1300000000.0,False,139.0,9352517.985611511,3.0,3.0,"Apartamento en venta en pinares, pereira"
https://www.fincaraiz.com.co/apartamento-en-venta-en-pinares-alto-pereira/192798214,Pinares alto,Apartamento,"Apartamento en Pereira, Risaralda",925000000.0,False,82.0,11280487.804878049,3.0,2.0,"Apartamento en venta en pinares alto, pereira"
https://www.fincaraiz.com.co/casa-en-venta-en-galicia-pereira/192321144,Galicia,Casa,"Casa en Pereira, Risaralda",430000000.0,False,115.0,3739130.434782609,3.0,3.0,"Casa en venta en galicia, pereira"
https://www.fincaraiz.com.co/apartamento-en-venta-en-avenida-sur-pereira/193734600,Avenida Sur,Apartamento,"Apartamento en Pereira, Risaralda",380000000.0,False,63.0,6031746.031746032,1.0,2.0,"Apartamento en venta en avenida sur, pereira"
https://www.fincaraiz.com.co/casa-campestre-en-venta-en-pereira/193311203,Morelia,Casa Campestre,"Casa Campestre en Pereira, Risaralda",1800000000.0,False,350.0,5142857.142857143,4.0,4.0,Casa campestre en venta en pereira
https://www.fincaraiz.com.co/casa-en-venta-en-canaan-pereira/192113647,Los alamos,Casa,"Casa en Pereira, Risaralda",880000000.0,False,348.0,2528735.632183908,5.0,5.0,"Casa en  venta en canaan, pereira"
https://www.fincaraiz.com.co/casa-en-venta-en-pereira/193307990,San jose sur,Casa,"Casa en Pereira, Risaralda",280000000.0,False,98.0,2857142.8571428573,6.0,2.0,Casa en venta en pereira
https://www.fincaraiz.com.co/apartamento-en-venta-en-el-poblado-pereira/193249429,El dorado,Apartamento,"Apartamento en Pereira, Risaralda",430000000.0,False,76.0,5657894.736842105,3.0,2.0,"Apartamento en venta en el poblado, pereira"
https://www.fincaraiz.com.co/apartamento-en-venta-en-pinares-pereira/193745145,Pinares,Apartamento,"Apartamento en Pereira, Risaralda",1950000000.0,False,178.0,10955056.17977528,2.0,3.0,"Apartamento en venta en pinares, pereira"
https://www.fincaraiz.com.co/apartamento-en-venta-en-centro-pereira/193510887,Primero de febrero,Apartamento,"Apartamento en Pereira, Risaralda",230000000.0,False,70.0,3285714.285714286,3.0,2.0,"Apartamento en venta en centro, pereira"
https://www.fincaraiz.com.co/casa-en-venta-en-pereira/192262569,Sector 30 de agosto,Casa,"Casa en Pereira, Risaralda",2500000000.0,False,709.0,3526093.088857546,8.0,5.0,Casa en venta en pereira
https://www.fincaraiz.com.co/apartamento-en-venta-en-cerritos-pereira/193167622,Cerritos,Apartamento,"Apartamento en Pereira, Risaralda",695000000.0,False,99.0,7020202.02020202,3.0,2.0,"Apartamento en venta en cerritos, pereira"
https://www.fincaraiz.com.co/apartamento-en-venta-en-cerritos-pereira/192587792,Cerritos,Apartamento,"Apartamento en Pereira, Risaralda",497500000.0,False,65.0,7653846.153846154,3.0,2.0,"Apartamento en venta en cerritos, pereira"
https://www.fincaraiz.com.co/casa-campestre-en-venta-en-cerritos-pereira/191382904,Cerritos,Casa Campestre,"Casa Campestre en Pereira, Risaralda",1200000000.0,False,265.0,4528301.886792453,4.0,2.0,"Casa campestre en  venta en cerritos, pereira"
https://www.fincaraiz.com.co/finca-en-venta-en-combia-dosquebradas/193639625,Combia,Finca,"Finca en Pereira, Risaralda",1580000000.0,False,1712.0,922897.1962616822,10.0,6.0,"Finca en venta en combia, dosquebradas"
https://www.fincaraiz.com.co/apartamento-en-venta-en-galicia-pereira/193925400,Galicia,Apartamento,"Apartamento en Pereira, Risaralda",285000000.0,False,60.0,4750000.0,3.0,2.0,"Apartamento en venta en galicia, pereira"
https://www.fincaraiz.com.co/bodega-en-venta-en-c-comercial-la-14-terminal-de-transporte-pereira/193819743,Providencia,Bodega,"Bodega en Pereira, Risaralda",3650000000.0,False,1080.0,3379629.6296296297,2.0,3.0,"Bodega en venta en c. comercial la 14, terminal de transporte, pereira"
https://www.fincaraiz.com.co/casa-en-venta-en-brisas-del-consota-pereira/193719894,San fernando,Casa,"Casa en Pereira, Risaralda",420000000.0,False,304.0,1381578.9473684211,3.0,2.0,"Casa en venta en brisas del consota, pereira"
https://www.fincaraiz.com.co/apartamento-en-venta-en-cerritos-pereira/194021418,Cerritos,Apartamento,"Apartamento en Pereira, Risaralda",1050000000.0,False,130.0,8076923.076923077,3.0,3.0,"Apartamento en venta en cerritos, pereira"
https://www.fincaraiz.com.co/apartamento-en-venta-en-frailes-dosquebradas/193302305,Frailes,Apartamento,"Apartamento en Pereira, Risaralda",230000000.0,False,52.0,4423076.923076923,3.0,1.0,"Apartamento en venta en frailes, dosquebradas"
https://www.fincaraiz.com.co/casa-en-venta-en-cerritos-pereira/192864848,Cerritos,Casa,"Casa en Pereira, Risaralda",1600000000.0,False,350.0,4571428.571428572,6.0,5.0,"Casa en venta en cerritos, pereira"
https://www.fincaraiz.com.co/apartamento-en-venta-en-cerritos-pereira/193840682,Cerritos,Apartamento,"Apartamento en Pereira, Risaralda",600000000.0,False,89.0,6741573.0337078655,3.0,2.0,"Apartamento en venta en cerritos, pereira"
https://www.fincaraiz.com.co/casa-campestre-en-venta-en-cerritos-pereira/10428750,Cerritos,Casa Campestre,"Casa Campestre en Pereira, Risaralda",1700000000.0,False,440.0,3863636.3636363638,3.0,4.0,"Casa campestre en venta en cerritos, pereira"
https://www.fincaraiz.com.co/apartamento-en-venta-en-sector-lago-uribe-pereira/193294959,Sector lago uribe,Apartamento,"Apartamento en Pereira, Risaralda",255000000.0,False,67.0,3805970.149253731,3.0,2.0,"Apartamento en venta en sector lago uribe, pereira"
https://www.fincaraiz.com.co/casa-en-venta-en-centro-pereira/193885636,Primero de febrero,Casa,"Casa en Pereira, Risaralda",700000000.0,False,138.0,5072463.768115942,5.0,3.0,"Casa en venta en centro, pereira"
https://www.fincaraiz.com.co/apartamento-en-venta-en-pereira/192754742,Los corales,Apartamento,"Apartamento en Pereira, Risaralda",370000000.0,False,61.65,6001622.06001622,2.0,2.0,Apartamento en venta en pereira
https://www.fincaraiz.com.co/casa-campestre-en-venta-en-cerritos-pereira/191928901,Cerritos,Casa Campestre,"Casa Campestre en Pereira, Risaralda",1920000000.0,False,580.0,3310344.827586207,4.0,4.0,"Casa campestre en  venta en cerritos, pereira"
https://www.fincaraiz.com.co/casa-campestre-en-venta-en-cerritos-pereira/192563914,Cerritos,Casa Campestre,"Casa Campestre en Pereira, Risaralda",1400000000.0,False,324.0,4320987.654320988,4.0,4.0,"Casa campestre en venta en cerritos, pereira"
https://www.fincaraiz.com.co/casa-campestre-en-venta-en-cerritos-pereira/192320031,Cerritos,Casa Campestre,"Casa Campestre en Pereira, Risaralda",3000000000.0,False,900.0,3333333.3333333335,7.0,9.0,"Casa campestre en venta en cerritos, pereira"
https://www.fincaraiz.com.co/casa-campestre-en-venta-en-cerritos-pereira/193310241,Cerritos,Casa Campestre,"Casa Campestre en Pereira, Risaralda",2500000000.0,False,600.0,4166666.6666666665,5.0,7.0,"Casa campestre en venta en cerritos, pereira"
https://www.fincaraiz.com.co/casa-en-venta-en-pinares-pereira/193510845,Pinares,Casa,"Casa en Pereira, Risaralda",1000000000.0,False,246.0,4065040.650406504,4.0,4.0,"Casa en venta en pinares, pereira"
https://www.fincaraiz.com.co/apartamento-en-venta-en-pereira/193302442,El dorado,Apartamento,"Apartamento en Pereira, Risaralda",420000000.0,False,85.0,4941176.470588235,2.0,2.0,Apartamento en venta en pereira
https://www.fincaraiz.com.co/casa-en-venta-en-pinares-pereira/192320017,La julita,Casa,"Casa en Pereira, Risaralda",3000000000.0,False,700.0,4285714.285714285,6.0,6.0,"Casa en venta en pinares, pereira"
https://www.fincaraiz.com.co/apartamento-en-venta-en-perla-del-sur-pereira/194048604,Perla del sur,Apartamento,"Apartamento en Pereira, Risaralda",175000000.0,False,72.0,2430555.5555555555,3.0,1.0,"Apartamento en venta en perla del sur, pereira"
https://www.fincaraiz.com.co/finca-en-venta-en-la-bella-pereira/192958696,El remanso,Finca,"Finca en Pereira, Risaralda",1250000000.0,False,220.0,5681818.181818182,5.0,3.0,"Finca en venta en la bella, pereira"
https://www.fincaraiz.com.co/apartamento-en-venta-en-centro-pereira/194068335,Sector lago uribe,Apartamento,"Apartamento en Pereira, Risaralda",350000000.0,False,140.0,2500000.0,4.0,2.0,"Apartamento en venta en centro, pereira"
https://www.fincaraiz.com.co/apartamento-en-venta-en-centro-pereira/193670010,Santa teresita,Apartamento,"Apartamento en Pereira, Risaralda",1200000000.0,False,357.0,3361344.537815126,4.0,2.0,"Apartamento en venta en centro, pereira"
https://www.fincaraiz.com.co/apartamento-en-venta-en-pereira/193310982,Sector belmonte,Apartamento,"Apartamento en Pereira, Risaralda",450000000.0,False,77.0,5844155.844155844,3.0,2.0,Apartamento en venta en pereira
https://www.fincaraiz.com.co/casa-campestre-en-venta-en-cerritos-pereira/193322145,Cerritos,Casa Campestre,"Casa Campestre en Pereira, Risaralda",1400000000.0,False,365.0,3835616.4383561644,4.0,4.0,"Casa campestre en venta en cerritos, pereira"
https://www.fincaraiz.com.co/apartamento-en-venta-en-galicia-pereira/193066179,Cerritos,Apartamento,"Apartamento en Pereira, Risaralda",248000000.0,False,67.0,3701492.537313433,3.0,2.0,"Apartamento en venta en galicia, pereira"
https://www.fincaraiz.com.co/casa-en-venta-en-morelia-pereira/193664339,Bloques de san joaquin,Casa,"Casa en Pereira, Risaralda",470000000.0,False,90.0,5222222.222222222,3.0,4.0,"Casa en venta en morelia, pereira"
https://www.fincaraiz.com.co/casa-campestre-en-venta-en-pereira/192777795,Morelia,Casa Campestre,"Casa Campestre en Pereira, Risaralda",1000000000.0,False,225.0,4444444.444444444,3.0,3.0,Casa campestre en venta en pereira
https://www.fincaraiz.com.co/apartamento-en-venta-en-galicia-pereira/193462815,Galicia,Apartamento,"Apartamento en Pereira, Risaralda",260000000.0,False,67.0,3880597.0149253733,3.0,2.0,"Apartamento en venta en galicia, pereira"
https://www.fincaraiz.com.co/casa-en-venta-en-galicia-pereira/193817243,Galicia,Casa,"Casa en Pereira, Risaralda",500000000.0,False,125.0,4000000.0,3.0,3.0,"Casa en venta en galicia, pereira"
https://www.fincaraiz.com.co/apartamento-en-venta-en-los-alamos-pereira/193861428,Los alamos,Apartamento,"Apartamento en Pereira, Risaralda",450000000.0,False,75.0,6000000.0,2.0,2.0,"Apartamento en venta en los alamos, pereira"
https://www.fincaraiz.com.co/local-en-venta-en-pinares-pereira/192481612,Cambulos,Local Comercial,"Local Comercial en Pereira, Risaralda",2600000000.0,False,337.0,7715133.53115727,5.0,6.0,"Local en venta en pinares, pereira"
https://www.fincaraiz.com.co/casa-en-venta-en-pereira/193310515,Ciudadela comfamiliar ii,Casa,"Casa en Pereira, Risaralda",400000000.0,False,118.0,3389830.5084745763,3.0,3.0,Casa en venta en pereira
https://www.fincaraiz.com.co/apartamento-en-venta-en-palmas-de-belmonte-pereira/191927788,Villasol parque residencial,Apartamento,"Apartamento en Pereira, Risaralda",470000000.0,False,78.0,6025641.025641026,3.0,2.0,"Apartamento en  venta en palmas de belmonte, pereira"
https://www.fincaraiz.com.co/apartamento-en-venta-en-palmas-de-belmonte-pereira/193888793,Puerto madero ii,Apartamento,"Apartamento en Pereira, Risaralda",370000000.0,False,68.0,5441176.470588235,2.0,2.0,"Apartamento en venta en palmas de belmonte, pereira"
https://www.fincaraiz.com.co/apartamento-en-venta-en-los-alamos-pereira/192321060,Los angeles,Apartamento,"Apartamento en Pereira, Risaralda",450000000.0,False,120.0,3750000.0,3.0,3.0,"Apartamento en venta en los alamos, pereira"
https://www.fincaraiz.com.co/apartamento-en-venta-en-pinares-pereira/193604693,Pinares,Apartamento,"Apartamento en Pereira, Risaralda",2800000000.0,False,250.0,11200000.0,3.0,5.0,"Apartamento en venta en pinares, pereira"
https://www.fincaraiz.com.co/casa-en-venta-en-cuba-san-joaquin-pereira/193944443,Morelia,Casa,"Casa en Pereira, Risaralda",310000000.0,False,58.0,5344827.586206896,3.0,2.0,"Casa en venta en cuba -san joaquin, pereira"
https://www.fincaraiz.com.co/apartamento-en-venta-en-centro-pereira/193638786,Sector plaza de bolivar,Apartamento,"Apartamento en Pereira, Risaralda",1000000000.0,False,200.0,5000000.0,5.0,3.0,"Apartamento en venta en centro, pereira"
https://www.fincaraiz.com.co/apartamento-en-venta-en-los-alcazares-pereira/192958668,Los alcazares,Apartamento,"Apartamento en Pereira, Risaralda",270000000.0,False,52.0,5192307.692307692,2.0,2.0,"Apartamento en venta en los alcazares, pereira"
https://www.fincaraiz.com.co/casa-campestre-en-venta-en-condina-pereira/193000711,Condina,Casa Campestre,"Casa Campestre en Pereira, Risaralda",1300000000.0,False,750.0,1733333.3333333333,5.0,4.0,"Casa campestre en venta en condina, pereira"
https://www.fincaraiz.com.co/apartamento-en-venta-en-la-villa-pereira/193840461,La villa,Apartamento,"Apartamento en Pereira, Risaralda",330000000.0,False,79.0,4177215.189873418,3.0,2.0,"Apartamento en venta en la villa, pereira"
https://www.fincaraiz.com.co/apartaestudio-en-venta-en-la-florida-pereira/192320126,La florida,Apartaestudio,"Apartaestudio en Pereira, Risaralda",3200000000.0,False,35500.0,90140.84507042254,3.0,2.0,"Apartaestudio en venta en la florida, pereira"
https://www.fincaraiz.com.co/apartamento-en-venta-en-aeropuerto-pereira/193600711,El plumon alto,Apartamento,"Apartamento en Pereira, Risaralda",370000000.0,False,68.0,5441176.470588235,2.0,2.0,"Apartamento en venta en aeropuerto, pereira"
https://www.fincaraiz.com.co/apartaestudio-en-venta-en-cerritos-pereira/193480980,Cerritos,Apartaestudio,"Apartaestudio en Pereira, Risaralda",498000000.0,False,62.0,8032258.064516129,1.0,2.0,"Apartaestudio en venta en cerritos, pereira"
https://www.fincaraiz.com.co/edificio-en-venta-en-centro-pereira/191753299,Primero de febrero,Edificio,"Edificio en Pereira, Risaralda",1500000000.0,False,551.0,2722323.049001815,18.0,9.0,"Edificio en  venta en centro, pereira"
https://www.fincaraiz.com.co/apartamento-en-venta-en-pinares-pereira/193327609,Los angeles,Apartamento,"Apartamento en Pereira, Risaralda",850000000.0,False,182.0,4670329.67032967,4.0,5.0,"Apartamento en venta en pinares, pereira"
https://www.fincaraiz.com.co/apartamento-en-venta-en-condina-pereira/194013686,Condina,Apartamento,"Apartamento en Pereira, Risaralda",280000000.0,False,52.0,5384615.384615385,3.0,2.0,"Apartamento en venta en condina, pereira"
https://www.fincaraiz.com.co/casa-en-venta-en-pereira/194050690,Combia  alta,Casa,"Casa en Pereira, Risaralda",280000000.0,False,37.0,7567567.567567567,5.0,2.0,Casa en venta en pereira
https://www.fincaraiz.com.co/casa-en-venta-en-san-nicolas-pereira/193314153,San nicolas,Casa,"Casa en Pereira, Risaralda",430000000.0,False,320.0,1343750.0,8.0,4.0,"Casa en venta en san nicolas, pereira"
https://www.fincaraiz.com.co/casa-en-venta-en-pueblito-cafetero-pereira/192386774,Pueblito Cafetero,Casa,"Casa en Pereira, Risaralda",620000000.0,False,160.0,3875000.0,4.0,4.0,"Casa en venta en pueblito cafetero, pereira"
https://www.fincaraiz.com.co/apartamento-en-venta-en-centro-pereira/192320867,San jose sur,Apartamento,"Apartamento en Pereira, Risaralda",200000000.0,False,52.0,3846153.846153846,3.0,1.0,"Apartamento en venta en centro, pereira"
https://www.fincaraiz.com.co/casa-en-venta-en-pereira/192892431,Pereira,Casa,"Casa en Pereira, Risaralda",430000000.0,False,86.0,5000000.0,3.0,2.0,Casa en venta en pereira
https://www.fincaraiz.com.co/apartamento-en-venta-en-pereira/193300683,Sector 30 de agosto,Apartamento,"Apartamento en Pereira, Risaralda",361000000.0,False,99.0,3646464.6464646463,4.0,3.0,Apartamento en venta en pereira
https://www.fincaraiz.com.co/apartamento-en-venta-en-cerritos-pereira/193993186,Cerritos,Apartamento,"Apartamento en Pereira, Risaralda",320000000.0,False,53.0,6037735.849056603,3.0,2.0,"Apartamento en venta en cerritos, pereira"
https://www.fincaraiz.com.co/apartamento-en-venta-en-centro-pereira/192320098,Sector lago uribe,Apartamento,"Apartamento en Pereira, Risaralda",260000000.0,False,75.0,3466666.6666666665,2.0,2.0,"Apartamento en venta en centro, pereira"
https://www.fincaraiz.com.co/apartamento-en-venta-en-providencia-pereira/192393955,Bosques de la salle,Apartamento,"Apartamento en Pereira, Risaralda",290000000.0,False,73.0,3972602.7397260275,3.0,2.0,"Apartamento en venta en providencia, pereira"
https://www.fincaraiz.com.co/casa-campestre-en-venta-en-pereira/194211228,Las mangas,Casa Campestre,"Casa Campestre en Pereira, Risaralda",380000000.0,False,70.0,5428571.428571428,1.0,2.0,Casa campestre en venta en pereira
https://www.fincaraiz.com.co/casa-en-venta-en-combia-pereira/193841957,Combia,Casa,"Casa en Pereira, Risaralda",1350000000.0,False,248.0,5443548.387096774,4.0,5.0,"Casa en venta en combia, pereira"
https://www.fincaraiz.com.co/casa-en-venta-en-cerritos-pereira/192632936,Cerritos,Casa,"Casa en Pereira, Risaralda",1500000000.0,False,2400.0,625000.0,4.0,4.0,"Casa en venta en cerritos, pereira"
https://www.fincaraiz.com.co/casa-campestre-en-venta-en-cerritos-pereira/193233705,Cerritos,Casa Campestre,"Casa Campestre en Pereira, Risaralda",2800000000.0,False,370.0,7567567.567567567,5.0,7.0,"Casa campestre en venta en cerritos, pereira"
https://www.fincaraiz.com.co/casa-en-venta-en-pereira/194091497,Aeropuerto,Casa,"Casa en Pereira, Risaralda",850000000.0,False,160.0,5312500.0,3.0,3.0,Casa en venta en pereira
https://www.fincaraiz.com.co/casa-en-venta-en-los-alamos-pereira/193340117,Los alamos,Casa,"Casa en Pereira, Risaralda",2300000000.0,False,374.0,6149732.620320856,6.0,2.0,"Casa en venta en los alamos, pereira"
https://www.fincaraiz.com.co/casa-en-venta-en-villa-verde-pereira/193631096,Villa verde,Casa,"Casa en Pereira, Risaralda",430000000.0,False,120.0,3583333.3333333335,3.0,2.0,"Casa en venta en villa verde, pereira"
https://www.fincaraiz.com.co/apartamento-en-venta-en-galicia-pereira/10652200,Cerritos,Apartamento,"Apartamento en Pereira, Risaralda",360000000.0,False,75.0,4800000.0,3.0,2.0,"Apartamento en venta en galicia, pereira"
https://www.fincaraiz.com.co/apartamento-en-venta-en-pereira/194080636,Morelia,Apartamento,"Apartamento en Pereira, Risaralda",365000000.0,False,60.0,6083333.333333333,2.0,2.0,Apartamento en venta en pereira
https://www.fincaraiz.com.co/casa-en-venta-en-centro-pereira/192344703,Sector lago uribe,Casa,"Casa en Pereira, Risaralda",550000000.0,False,168.0,3273809.523809524,4.0,2.0,"Casa en venta en centro, pereira"
https://www.fincaraiz.com.co/casa-en-venta-en-cuba-pereira/192320839,Even-ezer,Casa,"Casa en Pereira, Risaralda",220000000.0,False,120.0,1833333.3333333333,3.0,1.0,"Casa en venta en cuba, pereira"
https://www.fincaraiz.com.co/casa-campestre-en-venta-en-cerritos-pereira/193934295,Cerritos,Casa Campestre,"Casa Campestre en Pereira, Risaralda",2200000000.0,False,583.0,3773584.9056603773,5.0,6.0,"Casa campestre en venta en cerritos, pereira"
https://www.fincaraiz.com.co/apartamento-en-venta-en-condina-pereira/193428185,Condina,Apartamento,"Apartamento en Pereira, Risaralda",300000000.0,False,67.0,4477611.940298508,3.0,2.0,"Apartamento en venta en condina, pereira"
https://www.fincaraiz.com.co/apartamento-en-venta-en-pereira/191500655,La enseñanza,Apartamento,"Apartamento en Pereira, Risaralda",400000000.0,False,87.0,4597701.149425288,3.0,2.0,Apartamento en  venta en pereira
https://www.fincaraiz.com.co/apartamento-en-venta-en-los-alpes-pereira/192321292,San jose sur,Apartamento,"Apartamento en Pereira, Risaralda",440000000.0,False,109.0,4036697.247706422,3.0,2.0,"Apartamento en venta en los alpes, pereira"
https://www.fincaraiz.com.co/casa-en-venta-en-la-villa-pereira/192319768,La villa,Casa,"Casa en Pereira, Risaralda",600000000.0,False,210.0,2857142.8571428573,4.0,3.0,"Casa en venta en la villa, pereira"
https://www.fincaraiz.com.co/apartamento-en-venta-en-condina-pereira/193828473,Condina,Apartamento,"Apartamento en Pereira, Risaralda",285000000.0,False,58.0,4913793.1034482755,3.0,2.0,"Apartamento en venta en condina, pereira"
https://www.fincaraiz.com.co/casa-campestre-en-venta-en-cerritos-pereira/192671134,Cerritos,Casa Campestre,"Casa Campestre en Pereira, Risaralda",1750000000.0,False,290.0,6034482.75862069,3.0,4.0,"Casa campestre en venta en cerritos, pereira"
https://www.fincaraiz.com.co/apartamento-en-venta-en-centro-pereira/192554012,Sector galeria central,Apartamento,"Apartamento en Pereira, Risaralda",450000000.0,False,77.0,5844155.844155844,3.0,2.0,"Apartamento en venta en centro, pereira"
https://www.fincaraiz.com.co/casa-en-venta-en-centro-pereira/10520674,Mirasol,Casa,"Casa en Pereira, Risaralda",900000000.0,False,344.0,2616279.069767442,6.0,4.0,"Casa en venta en centro, pereira"
https://www.fincaraiz.com.co/apartamento-en-venta-en-villa-belmonte-pereira/193033512,Sector belmonte,Apartamento,"Apartamento en Pereira, Risaralda",500000000.0,False,82.0,6097560.975609756,3.0,2.0,"Apartamento en venta en villa - belmonte, pereira"
https://www.fincaraiz.com.co/casa-en-venta-en-pueblito-cafetero-pereira/193289629,Pueblito Cafetero,Casa,"Casa en Pereira, Risaralda",630000000.0,False,153.0,4117647.0588235296,5.0,5.0,"Casa en venta en pueblito cafetero, pereira"
https://www.fincaraiz.com.co/casa-en-venta-en-la-villa-pereira/193313946,La villa,Casa,"Casa en Pereira, Risaralda",400000000.0,False,109.0,3669724.770642202,3.0,4.0,"Casa en venta en la villa, pereira"
https://www.fincaraiz.com.co/casa-en-venta-en-centro-pereira/194068374,Buenos aires,Casa,"Casa en Pereira, Risaralda",400000000.0,False,168.0,2380952.380952381,8.0,3.0,"Casa en venta en centro, pereira"
https://www.fincaraiz.com.co/local-en-venta-en-centro-pereira/193313932,Sector plaza de bolivar,Local Comercial,"Local Comercial en Pereira, Risaralda",850000000.0,False,73.0,11643835.616438355,2.0,2.0,"Local en venta en centro, pereira"
https://www.fincaraiz.com.co/casa-campestre-en-venta-en-cerritos-pereira/193099872,Cerritos,Casa Campestre,"Casa Campestre en Pereira, Risaralda",3000000000.0,False,656.0,4573170.731707317,5.0,6.0,"Casa campestre en venta en cerritos, pereira"
https://www.fincaraiz.com.co/apartamento-en-venta-en-los-alamos-pereira/192544359,Los alamos,Apartamento,"Apartamento en Pereira, Risaralda",370000000.0,False,92.0,4021739.1304347827,3.0,2.0,"Apartamento en venta en los alamos, pereira"
https://www.fincaraiz.com.co/apartamento-en-venta-en-cerritos-pereira/193418971,Cerritos,Apartamento,"Apartamento en Pereira, Risaralda",1300000000.0,False,169.0,7692307.692307692,4.0,5.0,"Apartamento en venta en cerritos, pereira"
https://www.fincaraiz.com.co/apartamento-en-venta-en-pereira/193573715,Avenida Sur,Apartamento,"Apartamento en Pereira, Risaralda",365000000.0,False,61.0,5983606.557377049,3.0,2.0,Apartamento en venta en pereira
https://www.fincaraiz.com.co/finca-en-venta-en-la-florida-pereira/193310101,La florida,Finca,"Finca en Pereira, Risaralda",3500000000.0,False,350.0,10000000.0,2.0,1.0,"Finca en venta en la florida, pereira"
https://www.fincaraiz.com.co/apartamento-en-venta-en-los-alpes-pereira/191951073,San jose sur,Apartamento,"Apartamento en Pereira, Risaralda",315000000.0,False,63.0,5000000.0,2.0,2.0,"Apartamento en  venta en los alpes, pereira"
https://www.fincaraiz.com.co/casa-campestre-en-venta-en-san-joaquin-pereira/193324614,La estrella la palm,Casa Campestre,"Casa Campestre en Pereira, Risaralda",590000000.0,False,2700.0,218518.5185185185,3.0,2.0,"Casa campestre en venta en san joaquin, pereira"
https://www.fincaraiz.com.co/apartamento-en-venta-en-la-julita-pereira/193360547,La julita,Apartamento,"Apartamento en Pereira, Risaralda",620000000.0,False,85.0,7294117.647058823,3.0,2.0,"Apartamento en venta en la julita, pereira"
https://www.fincaraiz.com.co/apartamento-en-venta-en-pereira/193673550,Bosques de la salle,Apartamento,"Apartamento en Pereira, Risaralda",520000000.0,False,106.0,4905660.377358491,3.0,3.0,Apartamento en venta en pereira
https://www.fincaraiz.com.co/casa-campestre-en-venta-en-cerritos-pereira/10398924,Cerritos,Casa Campestre,"Casa Campestre en Pereira, Risaralda",2990000000.0,False,2230.0,1340807.1748878923,4.0,5.0,"Casa campestre en venta en cerritos, pereira"
https://www.fincaraiz.com.co/casa-campestre-en-venta-en-pueblito-cafetero-pereira/194237603,Morelia,Casa Campestre,"Casa Campestre en Pereira, Risaralda",1500000000.0,False,805.0,1863354.0372670807,4.0,3.0,"Casa campestre en venta en pueblito cafetero, pereira"
https://www.fincaraiz.com.co/apartamento-en-venta-en-miraflores-pereira/193345402,Mirador de naranjito,Apartamento,"Apartamento en Pereira, Risaralda",190000000.0,False,79.0,2405063.2911392404,3.0,2.0,"Apartamento en venta en miraflores, pereira"
https://www.fincaraiz.com.co/casa-campestre-en-venta-en-cerritos-pereira/193363595,Cerritos,Casa Campestre,"Casa Campestre en Pereira, Risaralda",1700000000.0,False,720.0,2361111.111111111,5.0,4.0,"Casa campestre en venta en cerritos, pereira"
https://www.fincaraiz.com.co/casa-en-venta-en-zona-deportiva-villa-olimpica-pereira/193747228,Zona deportiva villa olimpica,Casa,"Casa en Pereira, Risaralda",430000000.0,False,160.0,2687500.0,4.0,3.0,"Casa en venta en zona deportiva villa olimpica, pereira"
https://www.fincaraiz.com.co/casa-en-venta-en-pinares-pereira/192070776,Los alpes,Casa,"Casa en Pereira, Risaralda",670000000.0,False,170.0,3941176.470588235,4.0,3.0,"Casa en  venta en pinares, pereira"
https://www.fincaraiz.com.co/casa-en-venta-en-villa-del-prado-pereira/193543411,Villa del prado,Casa,"Casa en Pereira, Risaralda",670000000.0,False,139.0,4820143.8848920865,6.0,3.0,"Casa en venta en villa del prado, pereira"
https://www.fincaraiz.com.co/casa-en-venta-en-centro-pereira/193671998,Sector plaza de bolivar,Casa,"Casa en Pereira, Risaralda",250000000.0,False,150.0,1666666.6666666667,6.0,2.0,"Casa en venta en centro, pereira"
https://www.fincaraiz.com.co/casa-en-venta-en-jardin-ii-etapa-pereira/193403949,Jardin ii etapa,Casa,"Casa en Pereira, Risaralda",620000000.0,False,160.0,3875000.0,4.0,3.0,"Casa en venta en jardin ii etapa, pereira"
https://www.fincaraiz.com.co/apartamento-en-venta-en-condina-pereira/193231932,Condina,Apartamento,"Apartamento en Pereira, Risaralda",260000000.0,False,51.0,5098039.215686275,3.0,1.0,"Apartamento en venta en condina, pereira"
https://www.fincaraiz.com.co/apartamento-en-venta-en-pinares-pereira/192968634,Los angeles,Apartamento,"Apartamento en Pereira, Risaralda",720000000.0,False,92.0,7826086.956521739,2.0,3.0,"Apartamento en venta en pinares, pereira"
https://www.fincaraiz.com.co/apartamento-en-venta-en-pinares-pereira/193303029,Pinares,Apartamento,"Apartamento en Pereira, Risaralda",380000000.0,False,67.0,5671641.791044776,2.0,1.0,"Apartamento en venta en pinares, pereira"
https://www.fincaraiz.com.co/apartamento-en-venta-en-pereira/191475348,La julita,Apartamento,"Apartamento en Pereira, Risaralda",950000000.0,False,183.0,5191256.830601093,3.0,3.0,Apartamento en  venta en pereira
https://www.fincaraiz.com.co/casa-en-venta-en-pinares-pereira/6270460,La julita,Casa,"Casa en Pereira, Risaralda",1300000000.0,False,300.0,4333333.333333333,4.0,4.0,"Casa en venta en pinares, pereira"
https://www.fincaraiz.com.co/casa-campestre-en-venta-en-pereira/192320453,Tribunas corcega,Casa Campestre,"Casa Campestre en Pereira, Risaralda",1600000000.0,False,320.0,5000000.0,5.0,4.0,Casa campestre en venta en pereira
https://www.fincaraiz.com.co/casa-en-venta-en-cuba-pereira/193765709,Los prados,Casa,"Casa en Pereira, Risaralda",210000000.0,False,68.0,3088235.294117647,3.0,1.0,"Casa en venta en cuba, pereira"
https://www.fincaraiz.com.co/casa-en-venta-en-pereira/193310361,Santander,Casa,"Casa en Pereira, Risaralda",375000000.0,False,250.0,1500000.0,8.0,3.0,Casa en venta en pereira
https://www.fincaraiz.com.co/finca-en-venta-en-combia-pereira/193290479,Combia baja,Finca,"Finca en Pereira, Risaralda",2200000000.0,False,300.0,7333333.333333333,7.0,5.0,"Finca en venta en combia, pereira"
https://www.fincaraiz.com.co/apartamento-en-venta-en-la-aurora-pereira/192792923,La aurora,Apartamento,"Apartamento en Pereira, Risaralda",325000000.0,False,90.0,3611111.111111111,3.0,2.0,"Apartamento en venta en la aurora, pereira"
https://www.fincaraiz.com.co/apartamento-en-venta-en-pereira/193561274,Santa ines,Apartamento,"Apartamento en Pereira, Risaralda",400000000.0,False,69.0,5797101.449275362,2.0,2.0,Apartamento en venta en pereira
https://www.fincaraiz.com.co/apartamento-en-venta-en-cerritos-pereira/193161576,Galicia,Apartamento,"Apartamento en Pereira, Risaralda",360000000.0,False,75.0,4800000.0,3.0,2.0,"Apartamento en venta en cerritos, pereira"
https://www.fincaraiz.com.co/apartamento-en-venta-en-centro-pereira/192320439,Santander,Apartamento,"Apartamento en Pereira, Risaralda",550000000.0,False,180.0,3055555.5555555555,5.0,2.0,"Apartamento en venta en centro, pereira"
https://www.fincaraiz.com.co/apartamento-en-venta-en-sector-belmonte-pereira/194004690,Sector belmonte,Apartamento,"Apartamento en Pereira, Risaralda",370000000.0,False,65.0,5692307.692307692,2.0,2.0,"Apartamento en venta en sector belmonte, pereira"
https://www.fincaraiz.com.co/apartamento-en-venta-en-pinares-pereira/193309894,Pinares,Apartamento,"Apartamento en Pereira, Risaralda",430000000.0,False,72.0,5972222.222222222,2.0,2.0,"Apartamento en venta en pinares, pereira"
https://www.fincaraiz.com.co/casa-campestre-en-venta-en-pereira/192734046,Morelia,Casa Campestre,"Casa Campestre en Pereira, Risaralda",650000000.0,False,210.0,3095238.095238095,4.0,3.0,Casa campestre en venta en pereira
https://www.fincaraiz.com.co/apartamento-en-venta-en-condina-pereira/192322114,Condina,Apartamento,"Apartamento en Pereira, Risaralda",240000000.0,False,58.0,4137931.0344827585,3.0,1.0,"Apartamento en venta en condina, pereira"
https://www.fincaraiz.com.co/apartamento-en-venta-en-condina-pereira/194219821,Condina,Apartamento,"Apartamento en Pereira, Risaralda",330000000.0,False,56.0,5892857.142857143,3.0,2.0,"Apartamento en venta en condina, pereira"
https://www.fincaraiz.com.co/apartamento-en-venta-en-pinares-pereira/192491385,Cambulos,Apartamento,"Apartamento en Pereira, Risaralda",540000000.0,False,135.0,4000000.0,4.0,4.0,"Apartamento en venta en pinares, pereira"
https://www.fincaraiz.com.co/apartamento-en-venta-en-pereira/192321043,Venecia,Apartamento,"Apartamento en Pereira, Risaralda",390000000.0,False,65.0,6000000.0,3.0,2.0,Apartamento en venta en pereira
https://www.fincaraiz.com.co/apartamento-en-venta-en-sector-belmonte-pereira/193841982,Sector belmonte,Apartamento,"Apartamento en Pereira, Risaralda",495000000.0,False,70.0,7071428.571428572,3.0,2.0,"Apartamento en venta en sector belmonte, pereira"
https://www.fincaraiz.com.co/cabaña-en-venta-en-pereira/193327304,Antonio jose valencia,Cabaña,"Cabaña en Pereira, Risaralda",500000000.0,False,55.0,9090909.090909092,1.0,1.0,Cabaña en venta en pereira
https://www.fincaraiz.com.co/apartamento-en-venta-en-cerritos-pereira/193303152,Cerritos,Apartamento,"Apartamento en Pereira, Risaralda",780000000.0,False,103.0,7572815.533980583,3.0,3.0,"Apartamento en venta en cerritos, pereira"
https://www.fincaraiz.com.co/apartamento-en-venta-en-pereira/194066752,Popular modelo,Apartamento,"Apartamento en Pereira, Risaralda",340000000.0,False,90.0,3777777.777777778,3.0,2.0,Apartamento en venta en pereira
https://www.fincaraiz.com.co/apartamento-en-venta-en-centro-pereira/192321180,La julita,Apartamento,"Apartamento en Pereira, Risaralda",280000000.0,False,80.0,3500000.0,3.0,2.0,"Apartamento en venta en centro, pereira"
https://www.fincaraiz.com.co/finca-en-venta-en-morelia-pereira/10520727,Morelia,Finca,"Finca en Pereira, Risaralda",1300000000.0,False,369.0,3523035.2303523035,10.0,6.0,"Finca en venta en morelia, pereira"
https://www.fincaraiz.com.co/casa-en-venta-en-pereira/193150536,Bosques de Santa Elena,Casa,"Casa en Pereira, Risaralda",555000000.0,False,72.0,7708333.333333333,4.0,2.0,Casa en venta en pereira
https://www.fincaraiz.com.co/casa-en-venta-en-cuba-pereira/193841817,Guadalupe,Casa,"Casa en Pereira, Risaralda",300000000.0,False,160.0,1875000.0,4.0,2.0,"Casa en venta en cuba, pereira"
https://www.fincaraiz.com.co/casa-en-venta-en-cerritos-pereira/192246403,Cerritos,Casa,"Casa en Pereira, Risaralda",1900000000.0,False,840.0,2261904.761904762,4.0,4.0,"Casa en venta en cerritos, pereira"
https://www.fincaraiz.com.co/apartamento-en-venta-en-pinares-pereira/193301902,La julita,Apartamento,"Apartamento en Pereira, Risaralda",360000000.0,False,69.0,5217391.304347826,2.0,2.0,"Apartamento en venta en pinares, pereira"
https://www.fincaraiz.com.co/casa-en-venta-en-belmonte-a-pereira/193746403,Belmonte a,Casa,"Casa en Pereira, Risaralda",415000000.0,False,110.0,3772727.272727273,3.0,3.0,"Casa en venta en belmonte a, pereira"
https://www.fincaraiz.com.co/apartamento-en-venta-en-pereira/193054037,Nuevo plan villa santana,Apartamento,"Apartamento en Pereira, Risaralda",750000000.0,False,200.0,3750000.0,4.0,3.0,Apartamento en venta en pereira
https://www.fincaraiz.com.co/casa-en-venta-en-samaria-i-etapa-pereira/193738288,Samaria i etapa,Casa,"Casa en Pereira, Risaralda",480000000.0,False,150.0,3200000.0,5.0,3.0,"Casa en venta en samaria i etapa, pereira"
https://www.fincaraiz.com.co/apartamento-en-venta-en-pinares-pereira/193581100,Cambulos,Apartamento,"Apartamento en Pereira, Risaralda",530000000.0,False,90.0,5888888.888888889,3.0,2.0,"Apartamento en venta en pinares, pereira"
https://www.fincaraiz.com.co/apartamento-en-venta-en-pereira/193676967,San sebastian,Apartamento,"Apartamento en Pereira, Risaralda",340000000.0,False,68.0,5000000.0,3.0,2.0,Apartamento en venta en pereira
https://www.fincaraiz.com.co/apartamento-en-venta-en-galicia-pereira/194007998,Galicia,Apartamento,"Apartamento en Pereira, Risaralda",310000000.0,False,53.0,5849056.603773585,2.0,1.0,"Apartamento en venta en galicia, pereira"
https://www.fincaraiz.com.co/casa-en-venta-en-pereira/193105705,Bosques de Santa Elena,Casa,"Casa en Pereira, Risaralda",497000000.0,False,133.0,3736842.1052631577,3.0,2.0,Casa en venta en pereira
https://www.fincaraiz.com.co/casa-campestre-en-venta-en-combia-pereira/193363662,Combia,Casa Campestre,"Casa Campestre en Pereira, Risaralda",900000000.0,False,216.0,4166666.6666666665,3.0,3.0,"Casa campestre en venta en combia, pereira"
https://www.fincaraiz.com.co/casa-campestre-en-venta-en-cerritos-dosquebradas/194145153,Cerritos,Casa Campestre,"Casa Campestre en Pereira, Risaralda",3000000000.0,False,560.0,5357142.857142857,5.0,6.0,"Casa campestre en venta en cerritos, dosquebradas"
https://www.fincaraiz.com.co/apartamento-en-venta-en-los-alamos-pereira/192109673,Los alamos,Apartamento,"Apartamento en Pereira, Risaralda",350000000.0,False,50.0,7000000.0,1.0,1.0,"Apartamento en  venta en los alamos, pereira"
https://www.fincaraiz.com.co/apartamento-en-venta-en-avenida-sur-pereira/193945606,Avenida Sur,Apartamento,"Apartamento en Pereira, Risaralda",360000000.0,False,78.0,4615384.615384615,3.0,2.0,"Apartamento en venta en avenida sur, pereira"
https://www.fincaraiz.com.co/apartamento-en-venta-en-los-alamos-pereira/193841789,Los alamos,Apartamento,"Apartamento en Pereira, Risaralda",1100000000.0,False,340.0,3235294.117647059,16.0,17.0,"Apartamento en venta en los alamos, pereira"
https://www.fincaraiz.com.co/casa-en-venta-en-cerritos-pereira/193840553,Cerritos,Casa,"Casa en Pereira, Risaralda",2500000000.0,False,444.0,5630630.630630631,4.0,7.0,"Casa en venta en cerritos, pereira"
https://www.fincaraiz.com.co/casa-campestre-en-venta-en-condina-pereira/193933674,Condina,Casa Campestre,"Casa Campestre en Pereira, Risaralda",1400000000.0,False,500.0,2800000.0,4.0,4.0,"Casa campestre en venta en condina, pereira"
https://www.fincaraiz.com.co/casa-campestre-en-venta-en-cerritos-pereira/10642393,Cerritos,Casa Campestre,"Casa Campestre en Pereira, Risaralda",2100000000.0,False,2011.0,1044256.5887618101,3.0,4.0,"Casa campestre en venta en cerritos, pereira"
https://www.fincaraiz.com.co/casa-en-venta-en-maraya-pereira/194029390,Sector 30 de agosto ii etapa,Casa,"Casa en Pereira, Risaralda",1480000000.0,False,375.0,3946666.6666666665,0.0,3.0,"Casa en venta en maraya, pereira"
https://www.fincaraiz.com.co/apartamento-en-venta-en-pereira/192320973,Sector plaza de bolivar,Apartamento,"Apartamento en Pereira, Risaralda",430000000.0,False,156.0,2756410.2564102565,3.0,2.0,Apartamento en venta en pereira
https://www.fincaraiz.com.co/casa-en-venta-en-villa-verde-pereira/193886111,Villa verde,Casa,"Casa en Pereira, Risaralda",420000000.0,False,130.0,3230769.230769231,4.0,2.0,"Casa en venta en villa verde, pereira"
https://www.fincaraiz.com.co/apartamento-en-venta-en-galicia-pereira/194002478,Cerritos,Apartamento,"Apartamento en Pereira, Risaralda",590000000.0,False,80.0,7375000.0,3.0,2.0,"Apartamento en venta en galicia, pereira"
https://www.fincaraiz.com.co/apartamento-en-venta-en-circunvalar-alamos-pereira/193716538,San jose sur,Apartamento,"Apartamento en Pereira, Risaralda",360000000.0,False,110.0,3272727.272727273,3.0,2.0,"Apartamento en venta en circunvalar - alamos, pereira"
https://www.fincaraiz.com.co/apartamento-en-venta-en-30-de-agosto-del-cafe-pereira/193560723,Aeropuerto,Apartamento,"Apartamento en Pereira, Risaralda",370000000.0,False,68.0,5441176.470588235,2.0,2.0,"Apartamento en venta en 30 de agosto del cafe, pereira"
https://www.fincaraiz.com.co/casa-en-venta-en-sector-belmonte-pereira/192958430,Sector belmonte,Casa,"Casa en Pereira, Risaralda",470000000.0,False,140.0,3357142.8571428573,3.0,3.0,"Casa en venta en sector belmonte, pereira"
https://www.fincaraiz.com.co/local-en-venta-en-centro-pereira/193309810,Sector plaza de bolivar,Local Comercial,"Local Comercial en Pereira, Risaralda",2200000000.0,False,700.0,3142857.1428571427,10.0,11.0,"Local en venta en centro, pereira"
https://www.fincaraiz.com.co/casa-en-venta-en-cerritos-pereira/7639289,Cerritos,Casa,"Casa en Pereira, Risaralda",1700000000.0,False,2200.0,772727.2727272727,7.0,6.0,"Casa en venta en cerritos, pereira"
https://www.fincaraiz.com.co/casa-en-venta-en-villa-de-los-alamos-pereira/7918336,Los alamos,Casa,"Casa en Pereira, Risaralda",690000000.0,False,250.0,2760000.0,3.0,4.0,"Casa en venta en villa de los alamos, pereira"
https://www.fincaraiz.com.co/casa-en-venta-en-cerritos-pereira/192144227,Cerritos,Casa,"Casa en Pereira, Risaralda",3500000000.0,False,420.0,8333333.333333333,4.0,5.0,"Casa en  venta en cerritos, pereira"
https://www.fincaraiz.com.co/apartamento-en-venta-en-galicia-pereira/193286885,Galicia,Apartamento,"Apartamento en Pereira, Risaralda",295000000.0,False,59.0,5000000.0,3.0,2.0,"Apartamento en venta en galicia, pereira"
https://www.fincaraiz.com.co/apartamento-en-venta-en-evaristo-garcia-pereira/194055376,Evaristo garcia,Apartamento,"Apartamento en Pereira, Risaralda",290000000.0,False,58.0,5000000.0,3.0,2.0,"Apartamento en venta en evaristo garcia, pereira"
https://www.fincaraiz.com.co/casa-en-venta-en-la-villa-pereira/191633894,La villa,Casa,"Casa en Pereira, Risaralda",580000000.0,False,134.0,4328358.208955224,4.0,4.0,"Casa en  venta en la villa, pereira"
https://www.fincaraiz.com.co/apartamento-en-venta-en-aeropuerto-pereira/192246293,Aeropuerto,Apartamento,"Apartamento en Pereira, Risaralda",250000000.0,False,60.0,4166666.6666666665,3.0,1.0,"Apartamento en  venta en aeropuerto, pereira"
https://www.fincaraiz.com.co/casa-en-venta-en-centro-pereira/193155001,Sector lago uribe,Casa,"Casa en Pereira, Risaralda",300000000.0,False,76.0,3947368.4210526315,5.0,1.0,"Casa en venta en centro, pereira"
https://www.fincaraiz.com.co/casa-en-venta-en-pereira/191494267,Alamos,Casa,Casa en Pereira,800000000.0,False,213.0,3755868.544600939,4.0,4.0,Casa en  venta en pereira
https://www.fincaraiz.com.co/casa-en-venta-en-pereira/192320488,Avenida Sur,Casa,"Casa en Pereira, Risaralda",1500000000.0,False,250.0,6000000.0,6.0,4.0,Casa en venta en pereira
https://www.fincaraiz.com.co/apartamento-en-venta-en-pereira/192801856,El dorado,Apartamento,"Apartamento en Pereira, Risaralda",465000000.0,False,74.0,6283783.783783784,3.0,2.0,Apartamento en venta en pereira
https://www.fincaraiz.com.co/casa-en-venta-en-galicia-pereira/192163991,Cerritos,Casa,"Casa en Pereira, Risaralda",450000000.0,False,95.0,4736842.105263158,4.0,3.0,"Casa en  venta en galicia, pereira"
https://www.fincaraiz.com.co/casa-en-venta-en-maraya-pereira/193841824,Maraya,Casa,"Casa en Pereira, Risaralda",750000000.0,False,197.0,3807106.5989847714,5.0,3.0,"Casa en venta en maraya, pereira"
https://www.fincaraiz.com.co/casa-en-venta-en-cerritos-pereira/7812929,Cerritos,Casa,"Casa en Pereira, Risaralda",1400000000.0,False,1600.0,875000.0,5.0,4.0,"Casa en venta en cerritos, pereira"
https://www.fincaraiz.com.co/apartamento-en-venta-en-los-alpes-pereira/192403888,San jose sur,Apartamento,"Apartamento en Pereira, Risaralda",315000000.0,False,52.0,6057692.307692308,2.0,1.0,"Apartamento en venta en los alpes, pereira"
https://www.fincaraiz.com.co/casa-en-venta-en-naranjito-pereira/193726538,Naranjito,Casa,"Casa en Pereira, Risaralda",310000000.0,False,109.0,2844036.6972477064,3.0,2.0,"Casa en venta en naranjito, pereira"
https://www.fincaraiz.com.co/casa-en-venta-en-pereira/191584308,Pereira,Casa,"Casa en Pereira, Risaralda",1200000000.0,False,400.0,3000000.0,6.0,4.0,Casa en  venta en pereira
https://www.fincaraiz.com.co/apartamento-en-venta-en-los-alamos-pereira/192269157,Los alamos,Apartamento,"Apartamento en Pereira, Risaralda",480000000.0,False,96.0,5000000.0,3.0,2.0,"Apartamento en venta en los alamos, pereira"
https://www.fincaraiz.com.co/casa-en-venta-en-pueblito-paisa-pereira/10630875,Pueblito paisa,Casa,"Casa en Pereira, Risaralda",650000000.0,False,160.0,4062500.0,4.0,4.0,"Casa en venta en pueblito paisa, pereira"
https://www.fincaraiz.com.co/casa-en-venta-en-condina-pereira/11107967,Condina,Casa,"Casa en Pereira, Risaralda",950000000.0,False,400.0,2375000.0,17.0,17.0,"Casa en venta en condina, pereira"
https://www.fincaraiz.com.co/apartamento-en-venta-en-condina-pereira/194051839,Ciudadela salamanca,Apartamento,"Apartamento en Pereira, Risaralda",270000000.0,False,61.0,4426229.508196721,3.0,2.0,"Apartamento en venta en condina, pereira"
https://www.fincaraiz.com.co/apartamento-en-venta-en-condina-pereira/194073021,Ciudadela salamanca,Apartamento,"Apartamento en Pereira, Risaralda",264000000.0,False,54.0,4888888.888888889,3.0,2.0,"Apartamento en venta en condina, pereira"
https://www.fincaraiz.com.co/casa-en-venta-en-cerritos-pereira/192710654,Cerritos,Casa,"Casa en Pereira, Risaralda",1480000000.0,False,475.0,3115789.4736842103,4.0,4.0,"Casa en venta en cerritos, pereira"
https://www.fincaraiz.com.co/bodega-en-venta-en-alfonso-lopez-pereira/192757311,Alfonso lopez,Bodega,"Bodega en Pereira, Risaralda",1100000000.0,False,470.0,2340425.5319148935,1.0,1.0,"Bodega en venta en alfonso lopez, pereira"
https://www.fincaraiz.com.co/edificio-en-venta-en-centro-pereira/192320103,Sector lago uribe,Edificio,"Edificio en Pereira, Risaralda",2000000000.0,False,685.0,2919708.02919708,7.0,4.0,"Edificio en venta en centro, pereira"
https://www.fincaraiz.com.co/finca-en-venta-en-pereira/191313078,El Manzano,Finca,"Finca en Pereira, Risaralda",2300000000.0,False,590.0,3898305.084745763,5.0,7.0,Finca en  venta en pereira
https://www.fincaraiz.com.co/apartamento-en-venta-en-pinares-pereira/192873468,Pinares,Apartamento,"Apartamento en Pereira, Risaralda",750000000.0,False,142.0,5281690.140845071,4.0,3.0,"Apartamento en venta en pinares, pereira"
https://www.fincaraiz.com.co/apartamento-en-venta-en-centro-pereira/193321808,Sector plaza de bolivar,Apartamento,"Apartamento en Pereira, Risaralda",360000000.0,False,117.0,3076923.076923077,3.0,2.0,"Apartamento en venta en centro, pereira"
https://www.fincaraiz.com.co/apartamento-en-venta-en-cambulos-pereira/192547224,Cambulos,Apartamento,"Apartamento en Pereira, Risaralda",750000000.0,False,121.0,6198347.107438017,4.0,3.0,"Apartamento en venta en cambulos, pereira"
https://www.fincaraiz.com.co/casa-campestre-en-venta-en-alcala/193286820,San jose sur,Casa Campestre,"Casa Campestre en Pereira, Risaralda",730000000.0,False,1000.0,730000.0,3.0,2.0,Casa campestre en venta en alcala
https://www.fincaraiz.com.co/apartamento-en-venta-en-los-alpes-pereira/192690584,Los alpes,Apartamento,"Apartamento en Pereira, Risaralda",730000000.0,False,180.0,4055555.5555555555,3.0,2.0,"Apartamento en venta en los alpes, pereira"
https://www.fincaraiz.com.co/apartamento-en-venta-en-pinares-pereira/192219207,Cambulos,Apartamento,"Apartamento en Pereira, Risaralda",720000000.0,False,150.0,4800000.0,4.0,3.0,"Apartamento en  venta en pinares, pereira"
https://www.fincaraiz.com.co/oficina-en-venta-en-centro-pereira/7774513,Centro,Oficina,"Oficina en Pereira, Risaralda",600000000.0,False,140.0,4285714.285714285,1.0,3.0,"Oficina en venta en centro, pereira"
https://www.fincaraiz.com.co/apartamento-en-venta-en-pereira/192802051,El dorado,Apartamento,"Apartamento en Pereira, Risaralda",392500000.0,False,62.0,6330645.161290322,3.0,2.0,Apartamento en venta en pereira
https://www.fincaraiz.com.co/casa-en-venta-en-avenida-sur-pereira/192961311,Santa ines,Casa,"Casa en Pereira, Risaralda",500000000.0,False,168.0,2976190.476190476,5.0,2.0,"Casa en venta en avenida sur, pereira"
https://www.fincaraiz.com.co/casa-en-venta-en-cerritos-pereira/192709587,Cerritos,Casa,"Casa en Pereira, Risaralda",2800000000.0,False,700.0,4000000.0,6.0,7.0,"Casa en venta en cerritos, pereira"
https://www.fincaraiz.com.co/casa-campestre-en-venta-en-morelia-pereira/193234150,Morelia,Casa Campestre,"Casa Campestre en Pereira, Risaralda",1950000000.0,False,308.0,6331168.831168831,4.0,5.0,"Casa campestre en venta en morelia, pereira"
https://www.fincaraiz.com.co/apartamento-en-venta-en-los-alpes-pereira/193849236,Los alpes,Apartamento,"Apartamento en Pereira, Risaralda",440000000.0,False,70.0,6285714.285714285,2.0,3.0,"Apartamento en venta en los alpes, pereira"
https://www.fincaraiz.com.co/casa-en-venta-en-san-jorge-pereira/192775709,San jorge,Casa,"Casa en Pereira, Risaralda",265000000.0,False,100.0,2650000.0,5.0,3.0,"Casa en venta en san jorge, pereira"
https://www.fincaraiz.com.co/casa-en-venta-en-pereira/193745998,Aeropuerto,Casa,"Casa en Pereira, Risaralda",2500000000.0,False,400.0,6250000.0,12.0,4.0,Casa en venta en pereira
https://www.fincaraiz.com.co/apartamento-en-venta-en-pinares-pereira/193724119,Cambulos,Apartamento,"Apartamento en Pereira, Risaralda",420000000.0,False,60.0,7000000.0,2.0,1.0,"Apartamento en venta en pinares, pereira"
